Time,Decision Tree,Logistic Regression,Random Forest,Final Prediction
2026-07-07 23:17:14,0,1,1,1
2026-07-07 23:17:14,1,1,0,1
2026-07-07 23:17:14,1,1,1,1
2026-07-07 23:17:14,1,1,1,1
2026-07-07 23:17:14,0,1,0,0
2026-07-07 23:17:14,1,1,1,1
2026-07-07 23:17:14,0,0,0,0
2026-07-07 23:17:14,1,0,1,1
2026-07-07 23:17:14,1,1,1,1
2026-07-07 23:17:14,1,1,1,1
2026-07-07 23:17:14,1,0,0,0
2026-07-07 23:17:14,1,1,0,1
2026-07-07 23:17:14,1,1,1,1
2026-07-07 23:17:14,0,1,0,0
2026-07-07 23:17:14,0,1,1,1
2026-07-07 23:17:14,1,1,1,1
2026-07-07 23:17:14,0,0,0,0
2026-07-07 23:17:14,0,0,0,0
2026-07-07 23:17:16,0,0,0,0
2026-07-07 23:17:16,1,1,1,1
2026-07-07 23:17:18,1,1,1,1
2026-07-07 23:17:20,1,1,0,1
2026-07-07 23:17:22,1,1,1,1
2026-07-07 23:17:24,1,1,0,1
2026-07-07 23:17:26,1,0,0,0
2026-07-07 23:17:28,1,1,1,1
2026-07-07 23:17:30,1,1,1,1
2026-07-07 23:17:33,1,1,0,1
2026-07-07 23:17:35,1,1,0,1
2026-07-07 23:17:37,1,1,1,1
2026-07-07 23:17:39,1,1,0,1
2026-07-07 23:17:41,0,1,1,1
2026-07-07 23:17:43,1,1,1,1
2026-07-07 23:17:45,1,1,1,1
2026-07-07 23:17:47,1,1,1,1
2026-07-07 23:17:49,0,0,0,0
2026-07-07 23:17:51,1,1,1,1
2026-07-07 23:17:53,0,1,0,0
2026-07-07 23:17:55,1,0,1,1
2026-07-07 23:17:57,1,1,1,1
2026-07-07 23:17:59,1,1,1,1
2026-07-07 23:18:01,1,1,1,1
2026-07-07 23:18:03,1,1,0,1
2026-07-07 23:18:06,1,0,0,0
2026-07-07 23:18:08,1,1,0,1
2026-07-07 23:18:10,1,0,0,0
2026-07-07 23:18:12,0,1,0,0
2026-07-07 23:18:14,0,0,0,0
2026-07-07 23:18:16,1,1,1,1
2026-07-07 23:18:18,1,1,1,1
2026-07-07 23:18:20,0,1,0,0
2026-07-07 23:18:22,1,1,0,1
2026-07-07 23:18:24,1,1,0,1
2026-07-07 23:18:26,1,0,1,1
2026-07-07 23:18:28,1,1,0,1
2026-07-07 23:18:30,1,1,1,1
2026-07-07 23:18:32,0,0,1,0
2026-07-07 23:18:32,1,1,1,1
2026-07-07 23:18:34,0,0,0,0
2026-07-07 23:18:36,0,0,0,0
2026-07-07 23:18:38,1,1,1,1
2026-07-07 23:18:40,1,1,1,1
2026-07-07 23:18:43,1,1,0,1
2026-07-07 23:18:45,1,1,1,1
2026-07-07 23:18:47,1,1,1,1
2026-07-07 23:18:49,1,1,1,1
2026-07-07 23:18:51,0,0,0,0
2026-07-07 23:18:53,1,1,1,1
2026-07-07 23:18:55,1,1,1,1
2026-07-07 23:18:57,0,1,1,1
2026-07-07 23:18:59,1,1,1,1
2026-07-07 23:19:01,0,1,1,1
2026-07-07 23:19:03,1,1,1,1
2026-07-07 23:19:05,1,1,1,1
2026-07-07 23:19:07,1,0,0,0
2026-07-07 23:19:09,0,1,0,0
2026-07-07 23:19:11,1,1,0,1
2026-07-07 23:19:14,1,1,0,1
2026-07-07 23:19:16,1,1,1,1
2026-07-07 23:19:18,0,1,0,0
2026-07-07 23:19:20,1,1,1,1
2026-07-07 23:19:22,1,1,1,1
2026-07-07 23:19:24,1,1,1,1
2026-07-07 23:19:26,1,1,0,1
2026-07-07 23:19:28,1,1,1,1
2026-07-07 23:19:30,1,0,0,0
2026-07-07 23:19:32,1,1,1,1
2026-07-07 23:19:34,0,0,0,0
2026-07-07 23:19:36,1,1,1,1
2026-07-07 23:19:36,1,1,1,1
2026-07-07 23:19:38,1,1,1,1
2026-07-07 23:19:40,1,1,0,1
2026-07-07 23:19:42,1,1,1,1
2026-07-07 23:19:44,0,0,0,0
2026-07-07 23:19:47,1,0,0,0
2026-07-07 23:19:49,1,1,0,1
2026-07-07 23:19:51,1,1,1,1
2026-07-07 23:19:53,1,1,1,1
2026-07-07 23:19:55,1,1,1,1
2026-07-07 23:19:57,1,1,1,1
2026-07-07 23:19:59,0,0,0,0
2026-07-07 23:20:01,1,1,1,1
2026-07-07 23:20:03,1,1,1,1
2026-07-07 23:20:05,1,1,1,1
2026-07-07 23:20:07,1,1,1,1
2026-07-07 23:20:09,1,1,1,1
2026-07-07 23:20:11,1,1,0,1
2026-07-07 23:20:14,1,1,0,1
2026-07-07 23:20:16,1,1,0,1
2026-07-07 23:20:18,1,0,0,0
2026-07-07 23:20:20,1,1,1,1
2026-07-07 23:20:22,1,1,1,1
2026-07-07 23:20:24,1,1,0,1
2026-07-07 23:20:26,0,0,0,0
2026-07-07 23:20:28,0,1,0,0
2026-07-07 23:20:30,1,1,1,1
2026-07-07 23:20:32,0,1,1,1
2026-07-07 23:20:34,0,1,1,1
2026-07-07 23:20:36,1,1,1,1
2026-07-07 23:20:36,1,1,1,1
2026-07-07 23:20:38,1,1,0,1
2026-07-07 23:20:40,1,1,1,1
2026-07-07 23:20:42,1,1,1,1
2026-07-07 23:20:44,0,0,0,0
2026-07-07 23:20:47,1,1,1,1
2026-07-07 23:20:49,1,1,1,1
2026-07-07 23:20:51,1,1,0,1
2026-07-07 23:20:53,1,1,1,1
2026-07-07 23:20:55,1,0,1,1
2026-07-07 23:20:57,1,1,0,1
2026-07-07 23:20:59,1,1,1,1
2026-07-07 23:21:01,0,1,0,0
2026-07-07 23:21:03,1,1,1,1
2026-07-07 23:21:05,0,0,0,0
2026-07-07 23:21:07,0,0,1,0
2026-07-07 23:21:09,1,1,0,1
2026-07-07 23:21:11,1,1,0,1
2026-07-07 23:21:13,1,1,1,1
2026-07-07 23:21:15,0,1,1,1
2026-07-07 23:21:18,1,1,1,1
2026-07-07 23:21:20,1,1,1,1
2026-07-07 23:21:22,0,1,0,0
2026-07-07 23:21:24,1,1,1,1
2026-07-07 23:21:26,1,1,1,1
2026-07-07 23:21:28,1,1,1,1
2026-07-07 23:21:30,1,0,1,1
2026-07-07 23:21:32,0,1,0,0
2026-07-07 23:21:34,1,0,0,0
2026-07-07 23:21:36,1,1,0,1
2026-07-07 23:21:38,1,0,0,0
2026-07-07 23:21:40,1,1,1,1
2026-07-07 23:21:42,1,1,1,1
2026-07-07 23:21:42,1,1,1,1
2026-07-07 23:21:44,1,1,0,1
2026-07-07 23:21:46,0,0,1,0
2026-07-07 23:21:48,0,1,1,1
2026-07-07 23:21:51,1,1,1,1
2026-07-07 23:21:53,1,1,1,1
2026-07-07 23:21:55,0,1,0,0
2026-07-07 23:21:57,1,1,1,1
2026-07-07 23:21:59,1,1,0,1
2026-07-07 23:22:01,1,1,0,1
2026-07-07 23:22:03,1,1,1,1
2026-07-07 23:22:05,1,1,1,1
2026-07-07 23:22:07,1,1,0,1
2026-07-07 23:22:09,1,1,1,1
2026-07-07 23:22:11,1,1,1,1
2026-07-07 23:22:13,1,0,0,0
2026-07-07 23:22:15,0,0,0,0
2026-07-07 23:22:17,1,0,0,0
2026-07-07 23:22:20,1,1,0,1
2026-07-07 23:22:22,0,1,0,0
2026-07-07 23:22:24,0,1,0,0
2026-07-07 23:22:26,1,1,0,1
2026-07-07 23:22:28,1,1,1,1
2026-07-07 23:22:30,0,0,0,0
2026-07-07 23:22:32,1,1,0,1
2026-07-07 23:22:34,0,1,1,1
2026-07-07 23:22:36,1,1,1,1
2026-07-07 23:22:38,1,1,0,1
2026-07-07 23:22:40,1,1,1,1
2026-07-07 23:22:42,1,1,1,1
2026-07-07 23:22:44,1,1,1,1
2026-07-07 23:22:44,1,1,1,1
2026-07-07 23:22:46,1,1,0,1
2026-07-07 23:22:48,1,0,0,0
2026-07-07 23:22:51,1,1,1,1
2026-07-07 23:22:53,0,1,1,1
2026-07-07 23:22:55,0,1,0,0
2026-07-07 23:22:57,1,1,0,1
2026-07-07 23:22:59,1,1,0,1
2026-07-07 23:23:01,1,0,1,1
2026-07-07 23:23:03,1,1,1,1
2026-07-07 23:23:05,1,1,1,1
2026-07-07 23:23:07,0,1,0,0
2026-07-07 23:23:09,0,1,0,0
2026-07-07 23:23:11,0,1,0,0
2026-07-07 23:23:13,0,1,1,1
2026-07-07 23:23:15,1,1,1,1
2026-07-07 23:23:17,1,1,0,1
2026-07-07 23:23:19,1,1,1,1
2026-07-07 23:23:22,1,1,0,1
2026-07-07 23:23:24,1,1,1,1
2026-07-07 23:23:26,1,1,0,1
2026-07-07 23:23:28,1,1,1,1
2026-07-07 23:23:30,1,1,1,1
2026-07-07 23:23:32,0,1,1,1
2026-07-07 23:23:34,1,1,0,1
2026-07-07 23:23:36,1,1,1,1
2026-07-07 23:23:38,1,1,1,1
2026-07-07 23:23:40,1,1,1,1
2026-07-07 23:23:42,1,1,1,1
2026-07-07 23:23:44,0,0,1,0
2026-07-07 23:23:46,1,1,1,1
2026-07-07 23:23:46,1,1,1,1
2026-07-07 23:23:48,0,1,0,0
2026-07-07 23:23:50,0,0,1,0
2026-07-07 23:23:53,1,1,1,1
2026-07-07 23:23:55,0,1,0,0
2026-07-07 23:23:57,1,1,0,1
2026-07-07 23:23:59,1,1,1,1
2026-07-07 23:24:01,1,1,1,1
2026-07-07 23:24:03,1,1,1,1
2026-07-07 23:24:05,1,1,0,1
2026-07-07 23:24:07,0,1,0,0
2026-07-07 23:24:09,0,1,0,0
2026-07-07 23:24:11,1,0,0,0
2026-07-07 23:24:13,1,1,1,1
2026-07-07 23:24:15,0,0,0,0
2026-07-07 23:24:17,1,1,0,1
2026-07-07 23:24:19,1,1,0,1
2026-07-07 23:24:22,1,1,1,1
2026-07-07 23:24:24,1,1,1,1
2026-07-07 23:24:26,1,1,0,1
2026-07-07 23:24:28,0,1,0,0
2026-07-07 23:24:30,1,1,0,1
2026-07-07 23:24:32,1,0,1,1
2026-07-07 23:24:34,1,1,0,1
2026-07-07 23:24:36,0,1,1,1
2026-07-07 23:24:38,1,1,0,1
2026-07-07 23:24:40,1,1,1,1
2026-07-07 23:24:42,1,1,0,1
2026-07-07 23:24:44,1,1,1,1
2026-07-07 23:24:46,1,1,1,1
2026-07-07 23:24:48,1,1,1,1
2026-07-07 23:24:48,1,0,1,1
2026-07-07 23:24:50,1,1,1,1
2026-07-07 23:24:52,0,0,1,0
2026-07-07 23:24:55,1,1,1,1
2026-07-07 23:24:57,1,1,1,1
2026-07-07 23:24:59,1,1,1,1
2026-07-07 23:25:01,1,0,1,1
2026-07-07 23:25:03,1,1,1,1
2026-07-07 23:25:05,0,1,0,0
2026-07-07 23:25:07,0,1,0,0
2026-07-07 23:25:09,0,1,1,1
2026-07-07 23:25:11,1,1,1,1
2026-07-07 23:25:13,1,1,1,1
2026-07-07 23:25:15,1,1,1,1
2026-07-07 23:25:17,1,1,0,1
2026-07-07 23:25:19,0,0,0,0
2026-07-07 23:25:21,1,1,0,1
2026-07-07 23:25:24,0,1,0,0
2026-07-07 23:25:26,1,1,1,1
2026-07-07 23:25:28,1,1,0,1
2026-07-07 23:25:30,1,0,1,1
2026-07-07 23:25:32,1,1,1,1
2026-07-07 23:25:34,1,1,0,1
2026-07-07 23:25:36,1,1,0,1
2026-07-07 23:25:38,1,1,0,1
2026-07-07 23:25:40,0,1,1,1
2026-07-07 23:25:42,0,1,0,0
2026-07-07 23:25:44,1,1,0,1
2026-07-07 23:25:46,1,1,1,1
2026-07-07 23:25:48,0,1,0,0
2026-07-07 23:25:48,1,1,0,1
2026-07-07 23:25:50,0,1,1,1
2026-07-07 23:25:53,1,1,0,1
2026-07-07 23:25:55,0,1,0,0
2026-07-07 23:25:57,1,0,0,0
2026-07-07 23:25:59,0,1,0,0
2026-07-07 23:26:01,1,1,1,1
2026-07-07 23:26:03,1,0,1,1
2026-07-07 23:26:05,1,1,1,1
2026-07-07 23:26:07,1,1,1,1
2026-07-07 23:26:09,1,1,1,1
2026-07-07 23:26:11,1,1,1,1
2026-07-07 23:26:13,0,0,0,0
2026-07-07 23:26:15,1,1,1,1
2026-07-07 23:26:17,0,1,1,1
2026-07-07 23:26:19,0,1,0,0
2026-07-07 23:26:22,1,1,1,1
2026-07-07 23:26:24,1,1,1,1
2026-07-07 23:26:26,0,1,0,0
2026-07-07 23:26:28,1,1,1,1
2026-07-07 23:26:30,1,1,1,1
2026-07-07 23:26:32,1,1,1,1
2026-07-07 23:26:34,1,1,1,1
2026-07-07 23:26:36,0,1,0,0
2026-07-07 23:26:38,0,1,0,0
2026-07-07 23:26:40,1,1,0,1
2026-07-07 23:26:42,1,0,1,1
2026-07-07 23:26:44,1,1,0,1
2026-07-07 23:26:46,0,1,0,0
2026-07-07 23:26:48,1,1,1,1
2026-07-07 23:26:50,0,0,0,0
2026-07-07 23:26:52,1,0,0,0
2026-07-07 23:26:54,1,1,0,1
2026-07-07 23:26:54,1,1,1,1
2026-07-07 23:26:56,1,1,0,1
2026-07-07 23:26:59,1,0,1,1
2026-07-07 23:27:01,0,1,0,0
2026-07-07 23:27:03,1,0,1,1
2026-07-07 23:27:05,0,1,0,0
2026-07-07 23:27:07,1,1,1,1
2026-07-07 23:27:09,1,1,1,1
2026-07-07 23:27:11,1,1,0,1
2026-07-07 23:27:13,1,1,0,1
2026-07-07 23:27:15,1,1,1,1
2026-07-07 23:27:17,0,1,0,0
2026-07-07 23:27:19,1,1,1,1
2026-07-07 23:27:21,0,0,0,0
2026-07-07 23:27:23,1,1,1,1
2026-07-07 23:27:26,1,1,1,1
2026-07-07 23:27:28,0,1,0,0
2026-07-07 23:27:30,1,1,1,1
2026-07-07 23:27:32,1,0,0,0
2026-07-07 23:27:34,1,1,1,1
2026-07-07 23:27:36,1,1,1,1
2026-07-07 23:27:38,1,1,1,1
2026-07-07 23:27:40,1,1,1,1
2026-07-07 23:28:00,Attack,Attack,Normal,Attack
2026-07-07 23:28:00,Attack,Attack,Attack,Attack
2026-07-07 23:28:00,Attack,Attack,Normal,Attack
2026-07-07 23:28:00,Attack,Attack,Normal,Attack
2026-07-07 23:28:00,Attack,Attack,Normal,Attack
2026-07-07 23:28:02,Normal,Normal,Attack,Normal
2026-07-07 23:28:04,Attack,Attack,Normal,Attack
2026-07-07 23:28:06,Normal,Attack,Normal,Normal
2026-07-07 23:28:08,Attack,Normal,Attack,Attack
2026-07-07 23:28:10,Attack,Attack,Normal,Attack
2026-07-07 23:28:12,Attack,Normal,Attack,Attack
2026-07-07 23:28:14,Attack,Attack,Attack,Attack
2026-07-07 23:28:16,Attack,Attack,Attack,Attack
2026-07-07 23:28:18,Normal,Attack,Attack,Attack
2026-07-07 23:28:20,Attack,Normal,Normal,Normal
2026-07-07 23:28:22,Attack,Attack,Attack,Attack
2026-07-07 23:28:24,Attack,Attack,Attack,Attack
2026-07-07 23:28:26,Attack,Attack,Attack,Attack
2026-07-07 23:28:28,Attack,Attack,Normal,Attack
2026-07-07 23:28:30,Attack,Attack,Normal,Attack
2026-07-07 23:28:32,Attack,Attack,Attack,Attack
2026-07-07 23:28:34,Normal,Normal,Normal,Normal
2026-07-07 23:28:37,Attack,Attack,Normal,Attack
2026-07-07 23:28:39,Attack,Attack,Attack,Attack
2026-07-07 23:28:41,Attack,Attack,Normal,Attack
2026-07-07 23:28:43,Attack,Attack,Attack,Attack
2026-07-07 23:28:45,Attack,Attack,Attack,Attack
2026-07-07 23:28:47,Attack,Attack,Attack,Attack
2026-07-07 23:28:49,Normal,Attack,Attack,Attack
2026-07-07 23:28:51,Normal,Normal,Normal,Normal
2026-07-07 23:28:53,Attack,Attack,Attack,Attack
2026-07-07 23:28:55,Attack,Attack,Normal,Attack
2026-07-07 23:28:55,Attack,Attack,Attack,Attack
2026-07-07 23:28:57,Attack,Attack,Attack,Attack
2026-07-07 23:28:59,Attack,Attack,Attack,Attack
2026-07-07 23:29:01,Attack,Attack,Normal,Attack
2026-07-07 23:29:03,Attack,Attack,Attack,Attack
2026-07-07 23:29:05,Normal,Attack,Normal,Normal
2026-07-07 23:29:07,Attack,Attack,Attack,Attack
2026-07-07 23:29:09,Normal,Attack,Attack,Attack
2026-07-07 23:29:11,Attack,Attack,Normal,Attack
2026-07-07 23:29:13,Normal,Attack,Normal,Normal
2026-07-07 23:29:16,Attack,Attack,Attack,Attack
2026-07-07 23:29:18,Normal,Normal,Attack,Normal
2026-07-07 23:29:20,Normal,Attack,Normal,Normal
2026-07-07 23:29:22,Attack,Attack,Normal,Attack
2026-07-07 23:29:24,Attack,Attack,Attack,Attack
2026-07-07 23:29:26,Attack,Attack,Attack,Attack
2026-07-07 23:29:28,Normal,Attack,Normal,Normal
2026-07-07 23:29:30,Attack,Attack,Attack,Attack
2026-07-07 23:29:32,Attack,Attack,Attack,Attack
2026-07-07 23:29:34,Normal,Normal,Normal,Normal
2026-07-07 23:29:36,Attack,Attack,Attack,Attack
2026-07-07 23:29:38,Attack,Normal,Normal,Normal
2026-07-07 23:29:40,Normal,Attack,Normal,Normal
2026-07-07 23:29:42,Attack,Attack,Attack,Attack
2026-07-07 23:29:44,Attack,Attack,Attack,Attack
2026-07-07 23:29:47,Attack,Attack,Normal,Attack
2026-07-07 23:29:49,Attack,Attack,Normal,Attack
2026-07-07 23:29:51,Attack,Attack,Attack,Attack
2026-07-07 23:29:53,Attack,Attack,Attack,Attack
2026-07-07 23:29:55,Normal,Attack,Normal,Normal
2026-07-07 23:29:57,Normal,Attack,Attack,Attack
2026-07-07 23:29:59,Attack,Attack,Attack,Attack
2026-07-07 23:30:01,Attack,Attack,Attack,Attack
2026-07-07 23:30:03,Attack,Normal,Attack,Attack
2026-07-07 23:30:05,Normal,Attack,Attack,Attack
2026-07-07 23:30:05,Normal,Attack,Normal,Normal
2026-07-07 23:30:07,Attack,Attack,Attack,Attack
2026-07-07 23:30:09,Attack,Attack,Attack,Attack
2026-07-07 23:30:11,Attack,Attack,Attack,Attack
2026-07-07 23:30:13,Normal,Attack,Normal,Normal
2026-07-07 23:30:15,Attack,Attack,Attack,Attack
2026-07-07 23:30:17,Attack,Attack,Normal,Attack
2026-07-07 23:30:19,Attack,Attack,Attack,Attack
2026-07-07 23:30:21,Attack,Attack,Attack,Attack
2026-07-07 23:30:24,Attack,Attack,Normal,Attack
2026-07-07 23:30:26,Attack,Attack,Normal,Attack
2026-07-07 23:30:28,Attack,Attack,Attack,Attack
2026-07-07 23:30:30,Normal,Attack,Normal,Normal
2026-07-07 23:30:32,Attack,Attack,Attack,Attack
2026-07-07 23:30:34,Attack,Attack,Normal,Attack
2026-07-07 23:30:36,Attack,Attack,Attack,Attack
2026-07-07 23:30:38,Attack,Attack,Normal,Attack
2026-07-07 23:30:40,Attack,Attack,Normal,Attack
2026-07-07 23:30:42,Attack,Attack,Attack,Attack
2026-07-07 23:30:44,Attack,Attack,Attack,Attack
2026-07-07 23:30:46,Attack,Attack,Attack,Attack
2026-07-07 23:30:48,Normal,Attack,Attack,Attack
2026-07-07 23:30:50,Attack,Normal,Normal,Normal
2026-07-07 23:30:53,Normal,Normal,Normal,Normal
2026-07-07 23:30:55,Attack,Attack,Attack,Attack
2026-07-07 23:30:57,Attack,Normal,Normal,Normal
2026-07-07 23:30:59,Attack,Attack,Attack,Attack
2026-07-07 23:31:01,Attack,Attack,Attack,Attack
2026-07-07 23:31:03,Normal,Attack,Normal,Normal
2026-07-07 23:31:05,Attack,Attack,Attack,Attack
2026-07-07 23:31:07,Normal,Attack,Normal,Normal
2026-07-07 23:31:09,Attack,Attack,Attack,Attack
2026-07-07 23:31:11,Normal,Normal,Normal,Normal
2026-07-07 23:31:13,Attack,Attack,Normal,Attack
2026-07-07 23:31:13,Normal,Attack,Normal,Normal
2026-07-07 23:31:15,Attack,Attack,Attack,Attack
2026-07-07 23:31:17,Attack,Attack,Normal,Attack
2026-07-07 23:31:19,Attack,Normal,Normal,Normal
2026-07-07 23:31:21,Attack,Attack,Attack,Attack
2026-07-07 23:31:23,Attack,Attack,Attack,Attack
2026-07-07 23:31:25,Attack,Attack,Attack,Attack
2026-07-07 23:31:27,Attack,Attack,Normal,Attack
2026-07-07 23:31:30,Attack,Attack,Normal,Attack
2026-07-07 23:31:32,Attack,Normal,Attack,Attack
2026-07-07 23:31:34,Attack,Attack,Attack,Attack
2026-07-07 23:31:36,Normal,Normal,Normal,Normal
2026-07-07 23:31:38,Normal,Normal,Attack,Normal
2026-07-07 23:31:40,Attack,Attack,Attack,Attack
2026-07-07 23:31:42,Attack,Attack,Attack,Attack
2026-07-07 23:31:44,Attack,Normal,Attack,Attack
2026-07-07 23:31:46,Attack,Normal,Attack,Attack
2026-07-07 23:31:48,Attack,Attack,Normal,Attack
2026-07-07 23:31:50,Attack,Attack,Attack,Attack
2026-07-07 23:31:52,Attack,Attack,Normal,Attack
2026-07-07 23:31:54,Normal,Normal,Attack,Normal
2026-07-07 23:31:57,Normal,Normal,Attack,Normal
2026-07-07 23:31:59,Attack,Attack,Attack,Attack
2026-07-07 23:32:01,Normal,Attack,Attack,Attack
2026-07-07 23:32:03,Attack,Attack,Attack,Attack
2026-07-07 23:32:05,Attack,Attack,Normal,Attack
2026-07-07 23:32:07,Attack,Attack,Attack,Attack
2026-07-07 23:32:09,Normal,Attack,Normal,Normal
2026-07-07 23:32:11,Attack,Normal,Normal,Normal
2026-07-07 23:32:13,Attack,Attack,Attack,Attack
2026-07-07 23:32:15,Attack,Attack,Normal,Attack
2026-07-07 23:32:17,Normal,Attack,Normal,Normal
2026-07-07 23:32:19,Attack,Normal,Attack,Attack
2026-07-07 23:32:19,Attack,Attack,Attack,Attack
2026-07-07 23:32:21,Normal,Attack,Normal,Normal
2026-07-07 23:32:23,Attack,Attack,Normal,Attack
2026-07-07 23:32:25,Normal,Attack,Normal,Normal
2026-07-07 23:32:27,Attack,Attack,Attack,Attack
2026-07-07 23:32:29,Normal,Attack,Normal,Normal
2026-07-07 23:32:31,Attack,Attack,Normal,Attack
2026-07-07 23:32:34,Attack,Attack,Normal,Attack
2026-07-07 23:32:36,Attack,Attack,Attack,Attack
2026-07-07 23:32:38,Attack,Attack,Normal,Attack
2026-07-07 23:32:40,Attack,Attack,Normal,Attack
2026-07-07 23:32:42,Normal,Attack,Normal,Normal
2026-07-07 23:32:44,Attack,Attack,Attack,Attack
2026-07-07 23:32:46,Attack,Attack,Normal,Attack
2026-07-07 23:32:48,Attack,Attack,Normal,Attack
2026-07-07 23:32:50,Normal,Attack,Normal,Normal
2026-07-07 23:32:52,Normal,Attack,Attack,Attack
2026-07-07 23:32:54,Attack,Attack,Normal,Attack
2026-07-07 23:32:56,Attack,Attack,Attack,Attack
2026-07-07 23:32:58,Normal,Normal,Normal,Normal
2026-07-07 23:33:00,Attack,Attack,Attack,Attack
2026-07-07 23:33:03,Attack,Attack,Normal,Attack
2026-07-07 23:33:05,Normal,Attack,Attack,Attack
2026-07-07 23:33:07,Attack,Normal,Normal,Normal
2026-07-07 23:33:09,Normal,Normal,Attack,Normal
2026-07-07 23:33:11,Attack,Attack,Attack,Attack
2026-07-07 23:33:13,Attack,Attack,Attack,Attack
2026-07-07 23:33:15,Attack,Attack,Normal,Attack
2026-07-07 23:33:17,Attack,Attack,Attack,Attack
2026-07-07 23:33:19,Normal,Attack,Attack,Attack
2026-07-07 23:33:21,Attack,Attack,Attack,Attack
2026-07-07 23:33:23,Attack,Attack,Attack,Attack
2026-07-07 23:33:25,Attack,Attack,Normal,Attack
2026-07-07 23:33:25,Attack,Attack,Attack,Attack
2026-07-07 23:33:27,Normal,Attack,Attack,Attack
2026-07-07 23:33:29,Attack,Attack,Attack,Attack
2026-07-07 23:33:31,Attack,Attack,Attack,Attack
2026-07-07 23:33:33,Attack,Normal,Normal,Normal
2026-07-07 23:33:35,Attack,Attack,Normal,Attack
2026-07-07 23:33:38,Normal,Attack,Normal,Normal
2026-07-07 23:33:40,Attack,Attack,Normal,Attack
2026-07-07 23:33:42,Attack,Normal,Normal,Normal
2026-07-07 23:33:44,Attack,Attack,Normal,Attack
2026-07-07 23:33:46,Attack,Attack,Attack,Attack
2026-07-07 23:33:48,Attack,Normal,Normal,Normal
2026-07-07 23:33:50,Attack,Attack,Normal,Attack
2026-07-07 23:33:52,Attack,Attack,Normal,Attack
2026-07-07 23:33:54,Attack,Attack,Attack,Attack
2026-07-07 23:33:56,Attack,Attack,Attack,Attack
2026-07-07 23:33:58,Attack,Attack,Attack,Attack
2026-07-07 23:34:00,Attack,Attack,Attack,Attack
2026-07-07 23:34:02,Attack,Attack,Normal,Attack
2026-07-07 23:34:04,Normal,Attack,Attack,Attack
2026-07-07 23:34:07,Attack,Attack,Normal,Attack
2026-07-07 23:34:09,Attack,Normal,Normal,Normal
2026-07-07 23:34:11,Attack,Attack,Attack,Attack
2026-07-07 23:34:13,Normal,Attack,Attack,Attack
2026-07-07 23:34:15,Attack,Attack,Normal,Attack
2026-07-07 23:34:17,Attack,Attack,Attack,Attack
2026-07-07 23:34:19,Attack,Attack,Attack,Attack
2026-07-07 23:34:21,Normal,Attack,Normal,Normal
2026-07-07 23:34:23,Attack,Attack,Attack,Attack
2026-07-07 23:34:25,Attack,Attack,Attack,Attack
2026-07-07 23:34:27,Normal,Attack,Normal,Normal
2026-07-07 23:34:27,Attack,Attack,Attack,Attack
2026-07-07 23:34:29,Attack,Attack,Normal,Attack
2026-07-07 23:34:31,Attack,Attack,Attack,Attack
2026-07-07 23:34:33,Attack,Attack,Attack,Attack
2026-07-07 23:34:35,Attack,Attack,Attack,Attack
2026-07-07 23:34:38,Attack,Attack,Attack,Attack
2026-07-07 23:34:40,Attack,Attack,Attack,Attack
2026-07-07 23:34:42,Attack,Attack,Attack,Attack
2026-07-07 23:34:44,Normal,Attack,Attack,Attack
2026-07-07 23:34:46,Normal,Attack,Attack,Attack
2026-07-07 23:34:48,Attack,Attack,Attack,Attack
2026-07-07 23:34:50,Attack,Attack,Normal,Attack
2026-07-07 23:34:52,Attack,Attack,Attack,Attack
2026-07-07 23:34:54,Attack,Attack,Normal,Attack
2026-07-07 23:34:56,Attack,Attack,Attack,Attack
2026-07-07 23:34:58,Normal,Attack,Normal,Normal
2026-07-07 23:35:00,Attack,Attack,Attack,Attack
2026-07-07 23:35:02,Normal,Normal,Normal,Normal
2026-07-07 23:35:04,Normal,Attack,Attack,Attack
2026-07-07 23:35:06,Normal,Attack,Normal,Normal
2026-07-07 23:35:09,Attack,Attack,Attack,Attack
2026-07-07 23:35:11,Attack,Attack,Attack,Attack
2026-07-07 23:35:13,Attack,Attack,Normal,Attack
2026-07-07 23:35:15,Attack,Attack,Attack,Attack
2026-07-07 23:35:17,Attack,Normal,Attack,Attack
2026-07-07 23:35:19,Attack,Attack,Normal,Attack
2026-07-07 23:35:21,Normal,Attack,Normal,Normal
2026-07-07 23:35:23,Attack,Attack,Attack,Attack
2026-07-07 23:35:25,Normal,Attack,Normal,Normal
2026-07-07 23:35:27,Normal,Attack,Attack,Attack
2026-07-07 23:35:29,Attack,Attack,Normal,Attack
2026-07-07 23:35:29,Attack,Attack,Attack,Attack
2026-07-07 23:35:31,Normal,Attack,Attack,Attack
2026-07-07 23:35:33,Attack,Attack,Attack,Attack
2026-07-07 23:35:35,Normal,Attack,Normal,Normal
2026-07-07 23:35:37,Normal,Normal,Normal,Normal
2026-07-07 23:35:39,Attack,Attack,Normal,Attack
2026-07-07 23:35:42,Attack,Attack,Normal,Attack
2026-07-07 23:35:44,Normal,Attack,Attack,Attack
2026-07-07 23:35:46,Attack,Attack,Normal,Attack
2026-07-07 23:35:48,Attack,Attack,Attack,Attack
2026-07-07 23:35:50,Attack,Attack,Normal,Attack
2026-07-07 23:35:52,Attack,Attack,Attack,Attack
2026-07-07 23:35:54,Normal,Normal,Normal,Normal
2026-07-07 23:35:56,Attack,Attack,Attack,Attack
2026-07-07 23:35:58,Normal,Attack,Attack,Attack
2026-07-07 23:36:00,Attack,Attack,Normal,Attack
2026-07-07 23:36:02,Normal,Attack,Normal,Normal
2026-07-07 23:36:04,Attack,Attack,Normal,Attack
2026-07-07 23:36:06,Attack,Attack,Attack,Attack
2026-07-07 23:36:08,Attack,Attack,Attack,Attack
2026-07-07 23:36:11,Attack,Attack,Normal,Attack
2026-07-07 23:36:13,Normal,Attack,Normal,Normal
2026-07-07 23:36:15,Normal,Attack,Normal,Normal
2026-07-07 23:36:17,Normal,Attack,Normal,Normal
2026-07-07 23:36:19,Normal,Attack,Normal,Normal
2026-07-07 23:36:21,Attack,Normal,Normal,Normal
2026-07-07 23:36:23,Attack,Attack,Attack,Attack
2026-07-07 23:36:25,Attack,Attack,Attack,Attack
2026-07-07 23:36:27,Normal,Attack,Attack,Attack
2026-07-07 23:36:29,Attack,Attack,Attack,Attack
2026-07-07 23:36:31,Normal,Normal,Attack,Normal
2026-07-07 23:36:33,Attack,Attack,Attack,Attack
2026-07-07 23:36:35,Attack,Attack,Attack,Attack
2026-07-07 23:36:35,Attack,Attack,Attack,Attack
2026-07-07 23:36:37,Attack,Normal,Attack,Attack
2026-07-07 23:36:39,Attack,Attack,Attack,Attack
2026-07-07 23:36:41,Attack,Attack,Attack,Attack
2026-07-07 23:36:43,Attack,Attack,Normal,Attack
2026-07-07 23:36:46,Normal,Normal,Attack,Normal
2026-07-07 23:36:48,Attack,Attack,Attack,Attack
2026-07-07 23:36:50,Attack,Attack,Attack,Attack
2026-07-07 23:36:52,Normal,Attack,Normal,Normal
2026-07-07 23:36:54,Attack,Attack,Normal,Attack
2026-07-07 23:36:56,Attack,Attack,Normal,Attack
2026-07-07 23:36:58,Normal,Attack,Normal,Normal
2026-07-07 23:37:00,Attack,Attack,Attack,Attack
2026-07-07 23:37:02,Attack,Attack,Attack,Attack
2026-07-07 23:37:04,Normal,Attack,Normal,Normal
2026-07-07 23:37:06,Attack,Normal,Normal,Normal
2026-07-07 23:37:08,Attack,Attack,Attack,Attack
2026-07-07 23:37:10,Attack,Attack,Attack,Attack
2026-07-07 23:37:12,Normal,Normal,Normal,Normal
2026-07-07 23:37:15,Attack,Normal,Attack,Attack
2026-07-07 23:37:17,Attack,Attack,Attack,Attack
2026-07-07 23:37:19,Attack,Attack,Normal,Attack
2026-07-07 23:37:21,Attack,Attack,Attack,Attack
2026-07-07 23:37:23,Normal,Attack,Normal,Normal
2026-07-07 23:37:25,Attack,Attack,Attack,Attack
2026-07-07 23:37:27,Attack,Attack,Normal,Attack
2026-07-07 23:37:29,Normal,Attack,Attack,Attack
2026-07-07 23:37:31,Attack,Attack,Attack,Attack
2026-07-07 23:37:33,Normal,Normal,Attack,Normal
2026-07-07 23:37:35,Attack,Attack,Normal,Attack
2026-07-07 23:37:37,Attack,Attack,Normal,Attack
2026-07-07 23:37:39,Attack,Attack,Normal,Attack
2026-07-07 23:37:39,Normal,Attack,Normal,Normal
2026-07-07 23:37:41,Attack,Attack,Normal,Attack
2026-07-07 23:37:43,Normal,Attack,Normal,Normal
2026-07-07 23:37:45,Attack,Attack,Normal,Attack
2026-07-07 23:37:47,Normal,Attack,Attack,Attack
2026-07-07 23:37:50,Attack,Normal,Normal,Normal
2026-07-07 23:37:52,Attack,Attack,Attack,Attack
2026-07-07 23:37:54,Attack,Attack,Attack,Attack
2026-07-07 23:37:56,Attack,Attack,Attack,Attack
2026-07-07 23:37:58,Attack,Attack,Normal,Attack
2026-07-07 23:38:00,Attack,Attack,Attack,Attack
2026-07-07 23:38:02,Attack,Attack,Normal,Attack
2026-07-07 23:38:04,Attack,Attack,Attack,Attack
2026-07-07 23:38:06,Attack,Attack,Attack,Attack
2026-07-07 23:38:08,Normal,Normal,Attack,Normal
2026-07-07 23:38:10,Normal,Normal,Normal,Normal
2026-07-07 23:38:12,Attack,Attack,Attack,Attack
2026-07-07 23:38:14,Normal,Normal,Normal,Normal
2026-07-07 23:38:16,Normal,Attack,Normal,Normal
2026-07-07 23:38:19,Attack,Attack,Normal,Attack
2026-07-07 23:38:21,Normal,Attack,Normal,Normal
2026-07-07 23:38:23,Attack,Attack,Attack,Attack
2026-07-07 23:38:25,Attack,Attack,Normal,Attack
2026-07-07 23:38:27,Attack,Normal,Normal,Normal
2026-07-07 23:38:29,Attack,Attack,Normal,Attack
2026-07-07 23:38:31,Normal,Normal,Normal,Normal
2026-07-07 23:38:33,Attack,Normal,Attack,Attack
2026-07-07 23:38:35,Normal,Normal,Attack,Normal
2026-07-07 23:38:37,Normal,Attack,Normal,Normal
2026-07-07 23:38:39,Attack,Attack,Attack,Attack
2026-07-07 23:38:41,Normal,Attack,Attack,Attack
2026-07-07 23:38:41,Attack,Attack,Normal,Attack
2026-07-07 23:38:43,Attack,Attack,Attack,Attack
2026-07-07 23:38:45,Attack,Attack,Attack,Attack
2026-07-07 23:38:47,Attack,Attack,Normal,Attack
2026-07-07 23:38:49,Normal,Attack,Attack,Attack
2026-07-07 23:38:52,Attack,Attack,Attack,Attack
2026-07-07 23:38:54,Attack,Attack,Attack,Attack
2026-07-07 23:38:56,Normal,Attack,Normal,Normal
2026-07-07 23:38:58,Attack,Attack,Normal,Attack
2026-07-07 23:39:00,Attack,Attack,Attack,Attack
2026-07-07 23:39:02,Attack,Attack,Normal,Attack
2026-07-07 23:39:04,Attack,Normal,Attack,Attack
2026-07-07 23:39:06,Attack,Normal,Normal,Normal
2026-07-07 23:39:08,Attack,Attack,Attack,Attack
2026-07-07 23:39:16,Attack,Attack,Normal,Attack
2026-07-07 23:39:16,Attack,Attack,Attack,Attack
2026-07-07 23:39:16,Attack,Attack,Normal,Attack
2026-07-07 23:39:16,Attack,Attack,Normal,Attack
2026-07-07 23:39:16,Attack,Attack,Normal,Attack
2026-07-07 23:39:16,Normal,Normal,Attack,Normal
2026-07-07 23:39:16,Attack,Attack,Normal,Attack
2026-07-07 23:39:16,Normal,Attack,Normal,Normal
2026-07-07 23:39:16,Attack,Normal,Attack,Attack
2026-07-07 23:39:16,Attack,Attack,Normal,Attack
2026-07-07 23:39:16,Attack,Normal,Attack,Attack
2026-07-07 23:39:16,Attack,Attack,Attack,Attack
2026-07-07 23:39:16,Attack,Attack,Attack,Attack
2026-07-07 23:39:16,Normal,Attack,Attack,Attack
2026-07-07 23:39:16,Attack,Normal,Normal,Normal
2026-07-07 23:39:16,Attack,Attack,Attack,Attack
2026-07-07 23:39:16,Attack,Attack,Attack,Attack
2026-07-07 23:39:16,Attack,Attack,Attack,Attack
2026-07-07 23:39:16,Attack,Attack,Normal,Attack
2026-07-07 23:39:16,Attack,Attack,Normal,Attack
2026-07-07 23:39:16,Attack,Attack,Attack,Attack
2026-07-07 23:39:17,Normal,Normal,Normal,Normal
2026-07-07 23:39:17,Attack,Attack,Normal,Attack
2026-07-07 23:39:17,Attack,Attack,Attack,Attack
2026-07-07 23:39:17,Attack,Attack,Normal,Attack
2026-07-07 23:39:17,Attack,Attack,Attack,Attack
2026-07-07 23:39:17,Attack,Attack,Attack,Attack
2026-07-07 23:39:17,Attack,Attack,Attack,Attack
2026-07-07 23:39:17,Normal,Attack,Attack,Attack
2026-07-07 23:39:17,Normal,Normal,Normal,Normal
2026-07-07 23:39:17,Attack,Attack,Attack,Attack
2026-07-07 23:39:17,Attack,Attack,Normal,Attack
2026-07-07 23:39:17,Attack,Attack,Attack,Attack
2026-07-07 23:39:17,Attack,Attack,Attack,Attack
2026-07-07 23:39:17,Attack,Attack,Attack,Attack
2026-07-07 23:39:17,Attack,Attack,Normal,Attack
2026-07-07 23:39:17,Attack,Attack,Attack,Attack
2026-07-07 23:39:17,Normal,Attack,Normal,Normal
2026-07-07 23:39:17,Attack,Attack,Attack,Attack
2026-07-07 23:39:17,Normal,Attack,Attack,Attack
2026-07-07 23:39:17,Attack,Attack,Normal,Attack
2026-07-07 23:39:17,Normal,Attack,Normal,Normal
2026-07-07 23:39:17,Attack,Attack,Attack,Attack
2026-07-07 23:39:17,Normal,Normal,Attack,Normal
2026-07-07 23:39:17,Normal,Attack,Normal,Normal
2026-07-07 23:39:17,Attack,Attack,Normal,Attack
2026-07-07 23:39:17,Attack,Attack,Attack,Attack
2026-07-07 23:39:17,Attack,Attack,Attack,Attack
2026-07-07 23:39:17,Normal,Attack,Normal,Normal
2026-07-07 23:39:17,Attack,Attack,Attack,Attack
2026-07-07 23:39:17,Attack,Attack,Attack,Attack
2026-07-07 23:39:17,Normal,Normal,Normal,Normal
2026-07-07 23:39:17,Attack,Attack,Attack,Attack
2026-07-07 23:39:17,Attack,Normal,Normal,Normal
2026-07-07 23:39:17,Normal,Attack,Normal,Normal
2026-07-07 23:39:17,Attack,Attack,Attack,Attack
2026-07-07 23:39:17,Attack,Attack,Attack,Attack
2026-07-07 23:39:17,Attack,Attack,Normal,Attack
2026-07-07 23:39:17,Attack,Attack,Normal,Attack
2026-07-07 23:39:17,Attack,Attack,Attack,Attack
2026-07-07 23:39:17,Attack,Attack,Attack,Attack
2026-07-07 23:39:17,Normal,Attack,Normal,Normal
2026-07-07 23:39:17,Normal,Attack,Attack,Attack
2026-07-07 23:39:17,Attack,Attack,Attack,Attack
2026-07-07 23:39:17,Attack,Attack,Attack,Attack
2026-07-07 23:39:17,Attack,Normal,Attack,Attack
2026-07-07 23:39:17,Normal,Attack,Attack,Attack
2026-07-07 23:39:17,Normal,Attack,Normal,Normal
2026-07-07 23:39:17,Attack,Attack,Attack,Attack
2026-07-07 23:39:17,Attack,Attack,Attack,Attack
2026-07-07 23:39:17,Attack,Attack,Attack,Attack
2026-07-07 23:39:17,Normal,Attack,Normal,Normal
2026-07-07 23:39:17,Attack,Attack,Attack,Attack
2026-07-07 23:39:17,Attack,Attack,Normal,Attack
2026-07-07 23:39:17,Attack,Attack,Attack,Attack
2026-07-07 23:39:17,Attack,Attack,Attack,Attack
2026-07-07 23:39:17,Attack,Attack,Normal,Attack
2026-07-07 23:39:17,Attack,Attack,Normal,Attack
2026-07-07 23:39:17,Attack,Attack,Attack,Attack
2026-07-07 23:39:17,Normal,Attack,Normal,Normal
2026-07-07 23:39:17,Attack,Attack,Attack,Attack
2026-07-07 23:39:17,Attack,Attack,Normal,Attack
2026-07-07 23:39:17,Attack,Attack,Attack,Attack
2026-07-07 23:39:17,Attack,Attack,Normal,Attack
2026-07-07 23:39:17,Attack,Attack,Normal,Attack
2026-07-07 23:39:17,Attack,Attack,Attack,Attack
2026-07-07 23:39:17,Attack,Attack,Attack,Attack
2026-07-07 23:39:17,Attack,Attack,Attack,Attack
2026-07-07 23:39:17,Normal,Attack,Attack,Attack
2026-07-07 23:39:17,Attack,Normal,Normal,Normal
2026-07-07 23:39:17,Normal,Normal,Normal,Normal
2026-07-07 23:39:17,Attack,Attack,Attack,Attack
2026-07-07 23:39:17,Attack,Normal,Normal,Normal
2026-07-07 23:39:17,Attack,Attack,Attack,Attack
2026-07-07 23:39:17,Attack,Attack,Attack,Attack
2026-07-07 23:39:17,Normal,Attack,Normal,Normal
2026-07-07 23:39:17,Attack,Attack,Attack,Attack
2026-07-07 23:39:17,Normal,Attack,Normal,Normal
2026-07-07 23:39:17,Attack,Attack,Attack,Attack
2026-07-07 23:39:17,Normal,Normal,Normal,Normal
2026-07-07 23:39:17,Attack,Attack,Normal,Attack
2026-07-07 23:39:17,Normal,Attack,Normal,Normal
2026-07-07 23:39:17,Attack,Attack,Attack,Attack
2026-07-07 23:39:17,Attack,Attack,Normal,Attack
2026-07-07 23:39:17,Attack,Normal,Normal,Normal
2026-07-07 23:39:17,Attack,Attack,Attack,Attack
2026-07-07 23:39:17,Attack,Attack,Attack,Attack
2026-07-07 23:39:17,Attack,Attack,Attack,Attack
2026-07-07 23:39:17,Attack,Attack,Normal,Attack
2026-07-07 23:39:17,Attack,Attack,Normal,Attack
2026-07-07 23:39:17,Attack,Normal,Attack,Attack
2026-07-07 23:39:17,Attack,Attack,Attack,Attack
2026-07-07 23:39:17,Normal,Normal,Normal,Normal
2026-07-07 23:39:17,Normal,Normal,Attack,Normal
2026-07-07 23:39:17,Attack,Attack,Attack,Attack
2026-07-07 23:39:17,Attack,Attack,Attack,Attack
2026-07-07 23:39:17,Attack,Normal,Attack,Attack
2026-07-07 23:39:17,Attack,Normal,Attack,Attack
2026-07-07 23:39:17,Attack,Attack,Normal,Attack
2026-07-07 23:39:17,Attack,Attack,Attack,Attack
2026-07-07 23:39:17,Attack,Attack,Normal,Attack
2026-07-07 23:39:17,Normal,Normal,Attack,Normal
2026-07-07 23:39:17,Normal,Normal,Attack,Normal
2026-07-07 23:39:17,Attack,Attack,Attack,Attack
2026-07-07 23:39:17,Normal,Attack,Attack,Attack
2026-07-07 23:39:17,Attack,Attack,Attack,Attack
2026-07-07 23:39:17,Attack,Attack,Normal,Attack
2026-07-07 23:39:17,Attack,Attack,Attack,Attack
2026-07-07 23:39:17,Normal,Attack,Normal,Normal
2026-07-07 23:39:17,Attack,Normal,Normal,Normal
2026-07-07 23:39:17,Attack,Attack,Attack,Attack
2026-07-07 23:39:17,Attack,Attack,Normal,Attack
2026-07-07 23:39:17,Normal,Attack,Normal,Normal
2026-07-07 23:39:17,Attack,Normal,Attack,Attack
2026-07-07 23:39:17,Attack,Attack,Attack,Attack
2026-07-07 23:39:17,Normal,Attack,Normal,Normal
2026-07-07 23:39:17,Attack,Attack,Normal,Attack
2026-07-07 23:39:17,Normal,Attack,Normal,Normal
2026-07-07 23:39:17,Attack,Attack,Attack,Attack
2026-07-07 23:39:17,Normal,Attack,Normal,Normal
2026-07-07 23:39:17,Attack,Attack,Normal,Attack
2026-07-07 23:39:17,Attack,Attack,Normal,Attack
2026-07-07 23:39:17,Attack,Attack,Attack,Attack
2026-07-07 23:39:17,Attack,Attack,Normal,Attack
2026-07-07 23:39:17,Attack,Attack,Normal,Attack
2026-07-07 23:39:17,Normal,Attack,Normal,Normal
2026-07-07 23:39:17,Attack,Attack,Attack,Attack
2026-07-07 23:39:17,Attack,Attack,Normal,Attack
2026-07-07 23:39:17,Attack,Attack,Normal,Attack
2026-07-07 23:39:17,Normal,Attack,Normal,Normal
2026-07-07 23:39:17,Normal,Attack,Attack,Attack
2026-07-07 23:39:17,Attack,Attack,Normal,Attack
2026-07-07 23:39:17,Attack,Attack,Attack,Attack
2026-07-07 23:39:17,Normal,Normal,Normal,Normal
2026-07-07 23:39:17,Attack,Attack,Attack,Attack
2026-07-07 23:39:17,Attack,Attack,Normal,Attack
2026-07-07 23:39:17,Normal,Attack,Attack,Attack
2026-07-07 23:39:17,Attack,Normal,Normal,Normal
2026-07-07 23:39:17,Normal,Normal,Attack,Normal
2026-07-07 23:39:17,Attack,Attack,Attack,Attack
2026-07-07 23:39:17,Attack,Attack,Attack,Attack
2026-07-07 23:39:17,Attack,Attack,Normal,Attack
2026-07-07 23:39:17,Attack,Attack,Attack,Attack
2026-07-07 23:39:17,Normal,Attack,Attack,Attack
2026-07-07 23:39:17,Attack,Attack,Attack,Attack
2026-07-07 23:39:17,Attack,Attack,Attack,Attack
2026-07-07 23:39:17,Attack,Attack,Normal,Attack
2026-07-07 23:39:17,Attack,Attack,Attack,Attack
2026-07-07 23:39:17,Normal,Attack,Attack,Attack
2026-07-07 23:39:17,Attack,Attack,Attack,Attack
2026-07-07 23:39:17,Attack,Attack,Attack,Attack
2026-07-07 23:39:17,Attack,Normal,Normal,Normal
2026-07-07 23:39:17,Attack,Attack,Normal,Attack
2026-07-07 23:39:17,Normal,Attack,Normal,Normal
2026-07-07 23:39:17,Attack,Attack,Normal,Attack
2026-07-07 23:39:17,Attack,Normal,Normal,Normal
2026-07-07 23:39:18,Attack,Attack,Normal,Attack
2026-07-07 23:39:18,Attack,Attack,Attack,Attack
2026-07-07 23:39:18,Attack,Normal,Normal,Normal
2026-07-07 23:39:18,Attack,Attack,Normal,Attack
2026-07-07 23:39:18,Attack,Attack,Normal,Attack
2026-07-07 23:39:18,Attack,Attack,Attack,Attack
2026-07-07 23:39:18,Attack,Attack,Attack,Attack
2026-07-07 23:39:18,Attack,Attack,Attack,Attack
2026-07-07 23:39:18,Attack,Attack,Attack,Attack
2026-07-07 23:39:18,Attack,Attack,Normal,Attack
2026-07-07 23:39:18,Normal,Attack,Attack,Attack
2026-07-07 23:39:18,Attack,Attack,Normal,Attack
2026-07-07 23:39:18,Attack,Normal,Normal,Normal
2026-07-07 23:39:18,Attack,Attack,Attack,Attack
2026-07-07 23:39:18,Normal,Attack,Attack,Attack
2026-07-07 23:39:18,Attack,Attack,Normal,Attack
2026-07-07 23:39:18,Attack,Attack,Attack,Attack
2026-07-07 23:39:18,Attack,Attack,Attack,Attack
2026-07-07 23:39:18,Normal,Attack,Normal,Normal
2026-07-07 23:39:18,Attack,Attack,Attack,Attack
2026-07-07 23:39:18,Attack,Attack,Attack,Attack
2026-07-07 23:39:18,Normal,Attack,Normal,Normal
2026-07-07 23:39:18,Attack,Attack,Attack,Attack
2026-07-07 23:39:18,Attack,Attack,Normal,Attack
2026-07-07 23:39:18,Attack,Attack,Attack,Attack
2026-07-07 23:39:18,Attack,Attack,Attack,Attack
2026-07-07 23:39:18,Attack,Attack,Attack,Attack
2026-07-07 23:39:18,Attack,Attack,Attack,Attack
2026-07-07 23:39:18,Attack,Attack,Attack,Attack
2026-07-07 23:39:18,Attack,Attack,Attack,Attack
2026-07-07 23:39:18,Normal,Attack,Attack,Attack
2026-07-07 23:39:18,Normal,Attack,Attack,Attack
2026-07-07 23:39:18,Attack,Attack,Attack,Attack
2026-07-07 23:39:18,Attack,Attack,Normal,Attack
2026-07-07 23:39:18,Attack,Attack,Attack,Attack
2026-07-07 23:39:18,Attack,Attack,Normal,Attack
2026-07-07 23:39:18,Attack,Attack,Attack,Attack
2026-07-07 23:39:18,Normal,Attack,Normal,Normal
2026-07-07 23:39:18,Attack,Attack,Attack,Attack
2026-07-07 23:39:18,Normal,Normal,Normal,Normal
2026-07-07 23:39:18,Normal,Attack,Attack,Attack
2026-07-07 23:39:18,Normal,Attack,Normal,Normal
2026-07-07 23:39:18,Attack,Attack,Attack,Attack
2026-07-07 23:39:18,Attack,Attack,Attack,Attack
2026-07-07 23:39:18,Attack,Attack,Normal,Attack
2026-07-07 23:39:18,Attack,Attack,Attack,Attack
2026-07-07 23:39:18,Attack,Normal,Attack,Attack
2026-07-07 23:39:18,Attack,Attack,Normal,Attack
2026-07-07 23:39:18,Normal,Attack,Normal,Normal
2026-07-07 23:39:18,Attack,Attack,Attack,Attack
2026-07-07 23:39:18,Normal,Attack,Normal,Normal
2026-07-07 23:39:18,Normal,Attack,Attack,Attack
2026-07-07 23:39:18,Attack,Attack,Normal,Attack
2026-07-07 23:39:18,Attack,Attack,Attack,Attack
2026-07-07 23:39:18,Normal,Attack,Attack,Attack
2026-07-07 23:39:18,Attack,Attack,Attack,Attack
2026-07-07 23:39:18,Normal,Attack,Normal,Normal
2026-07-07 23:39:18,Normal,Normal,Normal,Normal
2026-07-07 23:39:18,Attack,Attack,Normal,Attack
2026-07-07 23:39:18,Attack,Attack,Normal,Attack
2026-07-07 23:39:18,Normal,Attack,Attack,Attack
2026-07-07 23:39:18,Attack,Attack,Normal,Attack
2026-07-07 23:39:18,Attack,Attack,Attack,Attack
2026-07-07 23:39:18,Attack,Attack,Normal,Attack
2026-07-07 23:39:18,Attack,Attack,Attack,Attack
2026-07-07 23:39:18,Normal,Normal,Normal,Normal
2026-07-07 23:39:18,Attack,Attack,Attack,Attack
2026-07-07 23:39:18,Normal,Attack,Attack,Attack
2026-07-07 23:39:18,Attack,Attack,Normal,Attack
2026-07-07 23:39:18,Normal,Attack,Normal,Normal
2026-07-07 23:39:18,Attack,Attack,Normal,Attack
2026-07-07 23:39:18,Attack,Attack,Attack,Attack
2026-07-07 23:39:18,Attack,Attack,Attack,Attack
2026-07-07 23:39:18,Attack,Attack,Normal,Attack
2026-07-07 23:39:18,Normal,Attack,Normal,Normal
2026-07-07 23:39:18,Normal,Attack,Normal,Normal
2026-07-07 23:39:18,Normal,Attack,Normal,Normal
2026-07-07 23:39:18,Normal,Attack,Normal,Normal
2026-07-07 23:39:18,Attack,Normal,Normal,Normal
2026-07-07 23:39:18,Attack,Attack,Attack,Attack
2026-07-07 23:39:18,Attack,Attack,Attack,Attack
2026-07-07 23:39:18,Normal,Attack,Attack,Attack
2026-07-07 23:39:18,Attack,Attack,Attack,Attack
2026-07-07 23:39:18,Normal,Normal,Attack,Normal
2026-07-07 23:39:18,Attack,Attack,Attack,Attack
2026-07-07 23:39:18,Attack,Attack,Attack,Attack
2026-07-07 23:39:18,Attack,Attack,Attack,Attack
2026-07-07 23:39:18,Attack,Normal,Attack,Attack
2026-07-07 23:39:18,Attack,Attack,Attack,Attack
2026-07-07 23:39:18,Attack,Attack,Attack,Attack
2026-07-07 23:39:18,Attack,Attack,Normal,Attack
2026-07-07 23:39:18,Normal,Normal,Attack,Normal
2026-07-07 23:39:18,Attack,Attack,Attack,Attack
2026-07-07 23:39:18,Attack,Attack,Attack,Attack
2026-07-07 23:39:18,Normal,Attack,Normal,Normal
2026-07-07 23:39:18,Attack,Attack,Normal,Attack
2026-07-07 23:39:18,Attack,Attack,Normal,Attack
2026-07-07 23:39:18,Normal,Attack,Normal,Normal
2026-07-07 23:39:18,Attack,Attack,Attack,Attack
2026-07-07 23:39:18,Attack,Attack,Attack,Attack
2026-07-07 23:39:18,Normal,Attack,Normal,Normal
2026-07-07 23:39:18,Attack,Normal,Normal,Normal
2026-07-07 23:39:18,Attack,Attack,Attack,Attack
2026-07-07 23:39:18,Attack,Attack,Attack,Attack
2026-07-07 23:39:18,Normal,Normal,Normal,Normal
2026-07-07 23:39:18,Attack,Normal,Attack,Attack
2026-07-07 23:39:18,Attack,Attack,Attack,Attack
2026-07-07 23:39:18,Attack,Attack,Normal,Attack
2026-07-07 23:39:18,Attack,Attack,Attack,Attack
2026-07-07 23:39:18,Normal,Attack,Normal,Normal
2026-07-07 23:39:18,Attack,Attack,Attack,Attack
2026-07-07 23:39:18,Attack,Attack,Normal,Attack
2026-07-07 23:39:18,Normal,Attack,Attack,Attack
2026-07-07 23:39:18,Attack,Attack,Attack,Attack
2026-07-07 23:39:18,Normal,Normal,Attack,Normal
2026-07-07 23:39:18,Attack,Attack,Normal,Attack
2026-07-07 23:39:18,Attack,Attack,Normal,Attack
2026-07-07 23:39:18,Attack,Attack,Normal,Attack
2026-07-07 23:39:18,Normal,Attack,Normal,Normal
2026-07-07 23:39:18,Attack,Attack,Normal,Attack
2026-07-07 23:39:18,Normal,Attack,Normal,Normal
2026-07-07 23:39:18,Attack,Attack,Normal,Attack
2026-07-07 23:39:18,Normal,Attack,Attack,Attack
2026-07-07 23:39:19,Attack,Normal,Normal,Normal
2026-07-07 23:39:19,Attack,Attack,Attack,Attack
2026-07-07 23:39:19,Attack,Attack,Attack,Attack
2026-07-07 23:39:19,Attack,Attack,Attack,Attack
2026-07-07 23:39:19,Attack,Attack,Normal,Attack
2026-07-07 23:39:19,Attack,Attack,Attack,Attack
2026-07-07 23:39:19,Attack,Attack,Normal,Attack
2026-07-07 23:39:19,Attack,Attack,Attack,Attack
2026-07-07 23:39:19,Attack,Attack,Attack,Attack
2026-07-07 23:39:19,Normal,Normal,Attack,Normal
2026-07-07 23:39:19,Normal,Normal,Normal,Normal
2026-07-07 23:39:19,Attack,Attack,Attack,Attack
2026-07-07 23:39:19,Normal,Normal,Normal,Normal
2026-07-07 23:39:19,Normal,Attack,Normal,Normal
2026-07-07 23:39:19,Attack,Attack,Normal,Attack
2026-07-07 23:39:19,Normal,Attack,Normal,Normal
2026-07-07 23:39:19,Attack,Attack,Attack,Attack
2026-07-07 23:39:19,Attack,Attack,Normal,Attack
2026-07-07 23:39:19,Attack,Normal,Normal,Normal
2026-07-07 23:39:19,Attack,Attack,Normal,Attack
2026-07-07 23:39:19,Normal,Normal,Normal,Normal
2026-07-07 23:39:19,Attack,Normal,Attack,Attack
2026-07-07 23:39:19,Normal,Normal,Attack,Normal
2026-07-07 23:39:19,Normal,Attack,Normal,Normal
2026-07-07 23:39:19,Attack,Attack,Attack,Attack
2026-07-07 23:39:19,Normal,Attack,Attack,Attack
2026-07-07 23:39:19,Attack,Attack,Normal,Attack
2026-07-07 23:39:19,Attack,Attack,Attack,Attack
2026-07-07 23:39:19,Attack,Attack,Attack,Attack
2026-07-07 23:39:19,Attack,Attack,Normal,Attack
2026-07-07 23:39:19,Normal,Attack,Attack,Attack
2026-07-07 23:39:19,Attack,Attack,Attack,Attack
2026-07-07 23:39:19,Attack,Attack,Attack,Attack
2026-07-07 23:39:19,Normal,Attack,Normal,Normal
2026-07-07 23:39:19,Attack,Attack,Normal,Attack
2026-07-07 23:39:19,Attack,Attack,Attack,Attack
2026-07-07 23:39:19,Attack,Attack,Normal,Attack
2026-07-07 23:39:19,Attack,Normal,Attack,Attack
2026-07-07 23:39:19,Attack,Normal,Normal,Normal
2026-07-07 23:39:19,Attack,Attack,Attack,Attack
2026-07-07 23:39:19,Attack,Attack,Attack,Attack
2026-07-07 23:39:19,Attack,Normal,Attack,Attack
2026-07-07 23:39:19,Attack,Attack,Normal,Attack
2026-07-07 23:39:19,Normal,Attack,Normal,Normal
2026-07-07 23:39:21,Normal,Attack,Normal,Normal
2026-07-07 23:39:21,Normal,Attack,Normal,Normal
2026-07-07 23:39:23,Attack,Attack,Attack,Attack
2026-07-07 23:39:25,Attack,Attack,Normal,Attack
2026-07-07 23:39:27,Normal,Attack,Normal,Normal
2026-07-07 23:39:29,Attack,Attack,Normal,Attack
2026-07-07 23:39:31,Attack,Attack,Attack,Attack
2026-07-07 23:39:33,Attack,Attack,Attack,Attack
2026-07-07 23:39:35,Attack,Attack,Normal,Attack
2026-07-07 23:39:37,Attack,Attack,Attack,Attack
2026-07-07 23:39:37,Normal,Attack,Normal,Normal
2026-07-07 23:39:39,Attack,Attack,Attack,Attack
2026-07-07 23:39:41,Attack,Attack,Normal,Attack
2026-07-07 23:39:43,Attack,Attack,Attack,Attack
2026-07-07 23:39:46,Attack,Attack,Attack,Attack
2026-07-07 23:39:48,Normal,Normal,Normal,Normal
2026-07-07 23:39:50,Attack,Attack,Attack,Attack
2026-07-07 23:39:52,Attack,Attack,Attack,Attack
2026-07-07 23:39:54,Normal,Normal,Normal,Normal
2026-07-07 23:39:56,Attack,Normal,Attack,Attack
2026-07-07 23:39:58,Attack,Attack,Attack,Attack
2026-07-07 23:40:00,Attack,Attack,Attack,Attack
2026-07-07 23:40:02,Attack,Normal,Normal,Normal
2026-07-07 23:40:04,Attack,Attack,Normal,Attack
2026-07-07 23:40:06,Attack,Attack,Attack,Attack
2026-07-07 23:40:08,Attack,Attack,Attack,Attack
2026-07-07 23:40:10,Normal,Attack,Attack,Attack
2026-07-07 23:40:13,Attack,Attack,Attack,Attack
2026-07-07 23:40:15,Attack,Attack,Attack,Attack
2026-07-07 23:40:17,Attack,Attack,Attack,Attack
2026-07-07 23:40:19,Normal,Normal,Attack,Normal
2026-07-07 23:40:21,Normal,Attack,Attack,Attack
2026-07-07 23:40:23,Normal,Attack,Normal,Normal
2026-07-07 23:40:25,Attack,Attack,Normal,Attack
2026-07-07 23:40:27,Attack,Attack,Normal,Attack
2026-07-07 23:40:29,Attack,Attack,Attack,Attack
2026-07-07 23:40:31,Attack,Attack,Attack,Attack
2026-07-07 23:40:33,Normal,Attack,Normal,Normal
2026-07-07 23:40:35,Normal,Attack,Normal,Normal
2026-07-07 23:40:37,Normal,Attack,Normal,Normal
2026-07-07 23:40:39,Attack,Attack,Attack,Attack
2026-07-07 23:40:41,Attack,Attack,Attack,Attack
2026-07-07 23:40:43,Attack,Attack,Attack,Attack
2026-07-07 23:40:43,Attack,Attack,Normal,Attack
2026-07-07 23:40:45,Normal,Attack,Normal,Normal
2026-07-07 23:40:47,Attack,Normal,Normal,Normal
2026-07-07 23:40:49,Attack,Attack,Attack,Attack
2026-07-07 23:40:52,Attack,Normal,Attack,Attack
2026-07-07 23:40:54,Normal,Attack,Normal,Normal
2026-07-07 23:40:56,Normal,Normal,Attack,Normal
2026-07-07 23:40:58,Attack,Attack,Attack,Attack
2026-07-07 23:41:00,Attack,Attack,Normal,Attack
2026-07-07 23:41:02,Attack,Attack,Normal,Attack
2026-07-07 23:41:04,Attack,Attack,Attack,Attack
2026-07-07 23:41:06,Attack,Attack,Normal,Attack
2026-07-07 23:41:08,Normal,Attack,Normal,Normal
2026-07-07 23:41:10,Attack,Attack,Attack,Attack
2026-07-07 23:41:12,Normal,Normal,Normal,Normal
2026-07-07 23:41:14,Normal,Attack,Attack,Attack
2026-07-07 23:41:16,Attack,Attack,Attack,Attack
2026-07-07 23:41:18,Normal,Attack,Attack,Attack
2026-07-07 23:41:21,Attack,Attack,Attack,Attack
2026-07-07 23:41:23,Attack,Attack,Attack,Attack
2026-07-07 23:41:25,Attack,Attack,Normal,Attack
2026-07-07 23:41:27,Attack,Attack,Attack,Attack
2026-07-07 23:41:29,Attack,Attack,Attack,Attack
2026-07-07 23:41:31,Attack,Attack,Normal,Attack
2026-07-07 23:41:33,Attack,Attack,Attack,Attack
2026-07-07 23:41:35,Attack,Attack,Attack,Attack
2026-07-07 23:41:37,Normal,Attack,Attack,Attack
2026-07-07 23:41:39,Attack,Attack,Normal,Attack
2026-07-07 23:41:41,Attack,Attack,Attack,Attack
2026-07-07 23:41:43,Attack,Attack,Normal,Attack
2026-07-07 23:41:45,Normal,Normal,Normal,Normal
2026-07-07 23:41:45,Attack,Attack,Attack,Attack
2026-07-07 23:41:47,Attack,Attack,Attack,Attack
2026-07-07 23:41:49,Attack,Attack,Normal,Attack
2026-07-07 23:41:52,Normal,Normal,Attack,Normal
2026-07-07 23:41:54,Attack,Normal,Normal,Normal
2026-07-07 23:41:56,Attack,Normal,Normal,Normal
2026-07-07 23:41:58,Attack,Normal,Attack,Attack
2026-07-07 23:42:00,Attack,Attack,Attack,Attack
2026-07-07 23:42:02,Attack,Attack,Attack,Attack
2026-07-07 23:42:04,Attack,Attack,Normal,Attack
2026-07-07 23:42:06,Normal,Normal,Normal,Normal
2026-07-07 23:42:08,Attack,Attack,Attack,Attack
2026-07-07 23:42:10,Attack,Attack,Attack,Attack
2026-07-07 23:42:12,Attack,Attack,Attack,Attack
2026-07-07 23:42:14,Attack,Attack,Normal,Attack
2026-07-07 23:42:16,Attack,Attack,Attack,Attack
2026-07-07 23:42:18,Attack,Attack,Normal,Attack
2026-07-07 23:42:20,Attack,Attack,Attack,Attack
2026-07-07 23:42:22,Normal,Attack,Normal,Normal
2026-07-07 23:42:24,Attack,Attack,Normal,Attack
2026-07-07 23:42:27,Normal,Attack,Attack,Attack
2026-07-07 23:42:29,Attack,Attack,Attack,Attack
2026-07-07 23:42:31,Normal,Attack,Normal,Normal
2026-07-07 23:42:33,Attack,Attack,Attack,Attack
2026-07-07 23:42:35,Attack,Attack,Attack,Attack
2026-07-07 23:42:37,Attack,Attack,Attack,Attack
2026-07-07 23:42:39,Attack,Attack,Attack,Attack
2026-07-07 23:42:41,Attack,Attack,Attack,Attack
2026-07-07 23:42:43,Attack,Attack,Attack,Attack
2026-07-07 23:42:45,Normal,Attack,Normal,Normal
2026-07-07 23:42:47,Normal,Attack,Normal,Normal
2026-07-07 23:42:49,Attack,Attack,Normal,Attack
2026-07-07 23:42:51,Normal,Normal,Normal,Normal
2026-07-07 23:42:53,Attack,Attack,Attack,Attack
2026-07-07 23:42:53,Attack,Attack,Normal,Attack
2026-07-07 23:42:55,Attack,Attack,Attack,Attack
2026-07-07 23:42:57,Attack,Attack,Attack,Attack
2026-07-07 23:43:00,Attack,Attack,Normal,Attack
2026-07-07 23:43:02,Attack,Attack,Attack,Attack
2026-07-07 23:43:04,Normal,Attack,Normal,Normal
2026-07-07 23:43:06,Normal,Attack,Normal,Normal
2026-07-07 23:43:08,Attack,Attack,Attack,Attack
2026-07-07 23:43:10,Attack,Attack,Attack,Attack
2026-07-07 23:43:12,Attack,Attack,Normal,Attack
2026-07-07 23:43:14,Attack,Normal,Normal,Normal
2026-07-07 23:43:16,Attack,Attack,Normal,Attack
2026-07-07 23:43:18,Attack,Attack,Attack,Attack
2026-07-07 23:43:20,Normal,Normal,Attack,Normal
2026-07-07 23:43:22,Attack,Attack,Normal,Attack
2026-07-07 23:43:24,Attack,Attack,Normal,Attack
2026-07-07 23:43:27,Attack,Attack,Normal,Attack
2026-07-07 23:43:29,Attack,Attack,Attack,Attack
2026-07-07 23:43:31,Attack,Attack,Attack,Attack
2026-07-07 23:43:33,Attack,Attack,Attack,Attack
2026-07-07 23:43:35,Normal,Normal,Normal,Normal
2026-07-07 23:43:37,Normal,Attack,Normal,Normal
2026-07-07 23:43:39,Normal,Attack,Attack,Attack
2026-07-07 23:43:41,Normal,Normal,Normal,Normal
2026-07-07 23:43:43,Attack,Attack,Normal,Attack
2026-07-07 23:43:45,Attack,Attack,Attack,Attack
2026-07-07 23:43:47,Attack,Attack,Attack,Attack
2026-07-07 23:43:49,Attack,Attack,Normal,Attack
2026-07-07 23:43:51,Attack,Normal,Attack,Attack
2026-07-07 23:43:53,Attack,Attack,Normal,Attack
2026-07-07 23:43:55,Attack,Attack,Attack,Attack
2026-07-07 23:43:57,Normal,Normal,Normal,Normal
2026-07-07 23:43:57,Attack,Attack,Attack,Attack
2026-07-07 23:43:59,Attack,Attack,Attack,Attack
2026-07-07 23:44:02,Attack,Attack,Attack,Attack
2026-07-07 23:44:04,Attack,Attack,Attack,Attack
2026-07-07 23:44:06,Normal,Normal,Normal,Normal
2026-07-07 23:44:08,Normal,Normal,Normal,Normal
2026-07-07 23:44:10,Normal,Normal,Attack,Normal
2026-07-07 23:44:12,Attack,Attack,Attack,Attack
2026-07-07 23:44:14,Attack,Attack,Normal,Attack
2026-07-07 23:44:16,Attack,Attack,Attack,Attack
2026-07-07 23:44:18,Attack,Attack,Attack,Attack
2026-07-07 23:44:20,Attack,Attack,Normal,Attack
2026-07-07 23:44:22,Normal,Attack,Normal,Normal
2026-07-07 23:44:24,Attack,Attack,Attack,Attack
2026-07-07 23:44:26,Normal,Attack,Attack,Attack
2026-07-07 23:44:28,Attack,Attack,Attack,Attack
2026-07-07 23:44:30,Normal,Attack,Normal,Normal
2026-07-07 23:44:32,Normal,Attack,Normal,Normal
2026-07-07 23:44:35,Attack,Attack,Attack,Attack
2026-07-07 23:44:37,Normal,Attack,Normal,Normal
2026-07-07 23:44:39,Attack,Attack,Attack,Attack
2026-07-07 23:44:41,Attack,Attack,Attack,Attack
2026-07-07 23:44:43,Attack,Attack,Attack,Attack
2026-07-07 23:44:45,Attack,Attack,Attack,Attack
2026-07-07 23:44:47,Attack,Attack,Attack,Attack
2026-07-07 23:44:49,Attack,Attack,Attack,Attack
2026-07-07 23:44:51,Normal,Attack,Normal,Normal
2026-07-07 23:44:53,Normal,Attack,Normal,Normal
2026-07-07 23:44:55,Attack,Attack,Normal,Attack
2026-07-07 23:44:57,Attack,Attack,Attack,Attack
2026-07-07 23:44:59,Normal,Normal,Attack,Normal
2026-07-07 23:45:01,Normal,Attack,Normal,Normal
2026-07-07 23:45:03,Attack,Attack,Attack,Attack
2026-07-07 23:45:05,Attack,Attack,Attack,Attack
2026-07-07 23:45:07,Attack,Attack,Normal,Attack
2026-07-07 23:45:07,Attack,Attack,Normal,Attack
2026-07-07 23:45:09,Attack,Attack,Normal,Attack
2026-07-07 23:45:12,Normal,Normal,Normal,Normal
2026-07-07 23:45:14,Attack,Attack,Attack,Attack
2026-07-07 23:45:16,Attack,Attack,Normal,Attack
2026-07-07 23:45:18,Attack,Attack,Attack,Attack
2026-07-07 23:45:20,Attack,Attack,Attack,Attack
2026-07-07 23:45:22,Attack,Attack,Attack,Attack
2026-07-07 23:45:24,Attack,Attack,Normal,Attack
2026-07-07 23:45:26,Attack,Attack,Attack,Attack
2026-07-07 23:45:28,Attack,Attack,Normal,Attack
2026-07-07 23:45:30,Attack,Attack,Attack,Attack
2026-07-07 23:45:32,Attack,Attack,Normal,Attack
2026-07-07 23:45:34,Attack,Attack,Attack,Attack
2026-07-07 23:45:36,Attack,Attack,Attack,Attack
2026-07-07 23:45:38,Attack,Attack,Attack,Attack
2026-07-07 23:45:40,Normal,Attack,Normal,Normal
2026-07-07 23:45:43,Attack,Attack,Normal,Attack
2026-07-07 23:45:45,Normal,Attack,Normal,Normal
2026-07-07 23:45:47,Attack,Attack,Attack,Attack
2026-07-07 23:45:49,Normal,Attack,Attack,Attack
2026-07-07 23:45:51,Attack,Normal,Attack,Attack
2026-07-07 23:45:53,Normal,Attack,Normal,Normal
2026-07-07 23:45:55,Attack,Attack,Attack,Attack
2026-07-07 23:45:57,Attack,Attack,Attack,Attack
2026-07-07 23:45:59,Attack,Attack,Normal,Attack
2026-07-07 23:46:01,Attack,Attack,Attack,Attack
2026-07-07 23:46:03,Normal,Attack,Normal,Normal
2026-07-07 23:46:05,Attack,Attack,Attack,Attack
2026-07-07 23:46:07,Normal,Attack,Attack,Attack
2026-07-07 23:46:09,Attack,Attack,Attack,Attack
2026-07-07 23:46:11,Attack,Attack,Normal,Attack
2026-07-07 23:46:11,Attack,Attack,Attack,Attack
2026-07-07 23:46:14,Normal,Attack,Normal,Normal
2026-07-07 23:46:16,Attack,Attack,Normal,Attack
2026-07-07 23:46:18,Attack,Normal,Attack,Attack
2026-07-07 23:46:20,Attack,Attack,Normal,Attack
2026-07-07 23:46:22,Attack,Attack,Attack,Attack
2026-07-07 23:46:24,Attack,Attack,Normal,Attack
2026-07-07 23:46:26,Attack,Normal,Attack,Attack
2026-07-07 23:46:28,Normal,Normal,Attack,Normal
2026-07-07 23:46:30,Normal,Normal,Normal,Normal
2026-07-07 23:46:32,Normal,Attack,Attack,Attack
2026-07-07 23:46:34,Attack,Normal,Attack,Attack
2026-07-07 23:46:36,Attack,Normal,Normal,Normal
2026-07-07 23:46:38,Attack,Attack,Normal,Attack
2026-07-07 23:46:40,Attack,Attack,Normal,Attack
2026-07-07 23:46:42,Attack,Normal,Attack,Attack
2026-07-07 23:46:44,Attack,Normal,Normal,Normal
2026-07-07 23:46:47,Attack,Attack,Attack,Attack
2026-07-07 23:46:49,Attack,Attack,Attack,Attack
2026-07-07 23:46:51,Attack,Attack,Attack,Attack
2026-07-07 23:46:53,Attack,Attack,Attack,Attack
2026-07-07 23:46:55,Attack,Attack,Attack,Attack
2026-07-07 23:46:57,Normal,Normal,Normal,Normal
2026-07-07 23:46:59,Attack,Attack,Attack,Attack
2026-07-07 23:47:01,Attack,Attack,Attack,Attack
2026-07-07 23:47:03,Attack,Attack,Normal,Attack
2026-07-07 23:47:05,Attack,Attack,Attack,Attack
2026-07-07 23:47:07,Attack,Attack,Attack,Attack
2026-07-07 23:47:09,Normal,Attack,Normal,Normal
2026-07-07 23:47:11,Attack,Attack,Attack,Attack
2026-07-07 23:47:13,Attack,Normal,Attack,Attack
2026-07-07 23:47:15,Normal,Attack,Normal,Normal
2026-07-07 23:47:17,Attack,Attack,Normal,Attack
2026-07-07 23:47:19,Attack,Attack,Attack,Attack
2026-07-07 23:47:21,Normal,Attack,Normal,Normal
2026-07-07 23:47:21,Attack,Attack,Attack,Attack
2026-07-07 23:47:24,Attack,Normal,Normal,Normal
2026-07-07 23:47:26,Attack,Normal,Normal,Normal
2026-07-07 23:47:28,Attack,Attack,Normal,Attack
2026-07-07 23:47:30,Attack,Attack,Attack,Attack
2026-07-07 23:47:32,Attack,Attack,Attack,Attack
2026-07-07 23:47:34,Normal,Normal,Normal,Normal
2026-07-07 23:47:36,Normal,Normal,Normal,Normal
2026-07-07 23:47:38,Attack,Attack,Normal,Attack
2026-07-07 23:47:40,Attack,Attack,Attack,Attack
2026-07-07 23:47:42,Attack,Attack,Normal,Attack
2026-07-07 23:47:44,Normal,Normal,Attack,Normal
2026-07-07 23:47:46,Attack,Attack,Attack,Attack
2026-07-07 23:47:48,Attack,Normal,Attack,Attack
2026-07-07 23:47:50,Attack,Attack,Normal,Attack
2026-07-07 23:47:52,Attack,Attack,Attack,Attack
2026-07-07 23:47:55,Normal,Attack,Normal,Normal
2026-07-07 23:47:57,Attack,Attack,Attack,Attack
2026-07-07 23:47:59,Attack,Attack,Attack,Attack
2026-07-07 23:48:01,Attack,Attack,Normal,Attack
2026-07-07 23:48:03,Attack,Attack,Attack,Attack
2026-07-07 23:48:05,Attack,Attack,Normal,Attack
2026-07-07 23:48:07,Attack,Attack,Normal,Attack
2026-07-07 23:48:09,Attack,Attack,Attack,Attack
2026-07-07 23:48:11,Attack,Attack,Normal,Attack
2026-07-07 23:48:13,Attack,Attack,Normal,Attack
2026-07-07 23:48:15,Attack,Attack,Normal,Attack
2026-07-07 23:48:17,Attack,Attack,Normal,Attack
2026-07-07 23:48:19,Normal,Normal,Attack,Normal
2026-07-07 23:48:21,Normal,Attack,Normal,Normal
2026-07-07 23:48:23,Normal,Attack,Attack,Attack
2026-07-07 23:48:25,Normal,Normal,Normal,Normal
2026-07-07 23:48:27,Attack,Attack,Attack,Attack
2026-07-07 23:48:30,Attack,Attack,Normal,Attack
2026-07-07 23:48:30,Attack,Attack,Attack,Attack
2026-07-07 23:48:32,Attack,Normal,Attack,Attack
2026-07-07 23:48:34,Attack,Normal,Normal,Normal
2026-07-07 23:48:36,Attack,Attack,Normal,Attack
2026-07-07 23:48:38,Normal,Attack,Normal,Normal
2026-07-07 23:48:40,Attack,Attack,Attack,Attack
2026-07-07 23:48:42,Attack,Attack,Attack,Attack
2026-07-07 23:48:44,Normal,Attack,Normal,Normal
2026-07-07 23:48:46,Attack,Attack,Normal,Attack
2026-07-07 23:48:48,Attack,Attack,Normal,Attack
2026-07-07 23:48:50,Attack,Attack,Attack,Attack
2026-07-07 23:48:53,Attack,Attack,Normal,Attack
2026-07-07 23:48:55,Normal,Attack,Normal,Normal
2026-07-07 23:48:57,Normal,Attack,Normal,Normal
2026-07-07 23:48:59,Normal,Attack,Attack,Attack
2026-07-07 23:49:01,Attack,Attack,Attack,Attack
2026-07-07 23:49:03,Attack,Attack,Normal,Attack
2026-07-07 23:49:05,Attack,Attack,Attack,Attack
2026-07-07 23:49:07,Attack,Attack,Attack,Attack
2026-07-07 23:49:09,Attack,Attack,Normal,Attack
2026-07-07 23:49:11,Normal,Attack,Attack,Attack
2026-07-07 23:49:13,Normal,Normal,Normal,Normal
2026-07-07 23:49:15,Attack,Attack,Attack,Attack
2026-07-07 23:49:17,Attack,Attack,Attack,Attack
2026-07-07 23:49:19,Attack,Attack,Normal,Attack
2026-07-07 23:49:21,Attack,Normal,Attack,Attack
2026-07-07 23:49:23,Normal,Attack,Normal,Normal
2026-07-07 23:49:26,Attack,Normal,Attack,Attack
2026-07-07 23:49:28,Attack,Attack,Attack,Attack
2026-07-07 23:49:28,Attack,Attack,Normal,Attack
2026-07-07 23:49:30,Normal,Normal,Normal,Normal
2026-07-07 23:49:32,Attack,Attack,Attack,Attack
2026-07-07 23:49:34,Attack,Normal,Normal,Normal
2026-07-07 23:49:36,Attack,Attack,Attack,Attack
2026-07-07 23:49:38,Attack,Attack,Attack,Attack
2026-07-07 23:49:40,Attack,Attack,Normal,Attack
2026-07-07 23:49:42,Attack,Normal,Normal,Normal
2026-07-07 23:49:44,Attack,Attack,Normal,Attack
2026-07-07 23:49:46,Attack,Attack,Attack,Attack
2026-07-07 23:49:48,Attack,Attack,Attack,Attack
2026-07-07 23:49:50,Attack,Attack,Attack,Attack
2026-07-07 23:49:52,Attack,Attack,Attack,Attack
2026-07-07 23:49:54,Attack,Attack,Normal,Attack
2026-07-07 23:49:56,Attack,Attack,Attack,Attack
2026-07-07 23:49:59,Normal,Attack,Normal,Normal
2026-07-07 23:50:01,Attack,Attack,Normal,Attack
2026-07-07 23:50:03,Attack,Attack,Attack,Attack
2026-07-07 23:50:05,Attack,Attack,Attack,Attack
2026-07-07 23:50:07,Attack,Attack,Attack,Attack
2026-07-07 23:50:09,Attack,Attack,Attack,Attack
2026-07-08 00:04:49,Attack,Attack,Normal,Attack
2026-07-08 00:04:49,Attack,Attack,Attack,Attack
2026-07-08 00:04:49,Attack,Attack,Normal,Attack
2026-07-08 00:04:49,Attack,Attack,Normal,Attack
2026-07-08 00:04:49,Attack,Attack,Normal,Attack
2026-07-08 00:04:49,Normal,Normal,Attack,Normal
2026-07-08 00:04:49,Attack,Attack,Normal,Attack
2026-07-08 00:04:49,Normal,Attack,Normal,Normal
2026-07-08 00:04:49,Attack,Normal,Attack,Attack
2026-07-08 00:04:49,Attack,Attack,Normal,Attack
2026-07-08 00:04:49,Attack,Normal,Attack,Attack
2026-07-08 00:04:49,Attack,Attack,Attack,Attack
2026-07-08 00:04:49,Attack,Attack,Attack,Attack
2026-07-08 00:04:49,Normal,Attack,Attack,Attack
2026-07-08 00:04:49,Attack,Normal,Normal,Normal
2026-07-08 00:04:49,Attack,Attack,Attack,Attack
2026-07-08 00:04:49,Attack,Attack,Attack,Attack
2026-07-08 00:04:49,Attack,Attack,Attack,Attack
2026-07-08 00:04:49,Attack,Attack,Normal,Attack
2026-07-08 00:04:49,Attack,Attack,Normal,Attack
2026-07-08 00:04:50,Attack,Attack,Attack,Attack
2026-07-08 00:04:50,Normal,Normal,Normal,Normal
2026-07-08 00:04:50,Attack,Attack,Normal,Attack
2026-07-08 00:04:50,Attack,Attack,Attack,Attack
2026-07-08 00:04:50,Attack,Attack,Normal,Attack
2026-07-08 00:04:50,Attack,Attack,Attack,Attack
2026-07-08 00:04:50,Attack,Attack,Attack,Attack
2026-07-08 00:04:50,Attack,Attack,Attack,Attack
2026-07-08 00:04:50,Normal,Attack,Attack,Attack
2026-07-08 00:04:50,Normal,Normal,Normal,Normal
2026-07-08 00:04:50,Attack,Attack,Attack,Attack
2026-07-08 00:04:50,Attack,Attack,Normal,Attack
2026-07-08 00:04:50,Attack,Attack,Attack,Attack
2026-07-08 00:04:50,Attack,Attack,Attack,Attack
2026-07-08 00:04:50,Attack,Attack,Attack,Attack
2026-07-08 00:04:50,Attack,Attack,Normal,Attack
2026-07-08 00:04:50,Attack,Attack,Attack,Attack
2026-07-08 00:04:50,Normal,Attack,Normal,Normal
2026-07-08 00:04:50,Attack,Attack,Attack,Attack
2026-07-08 00:04:50,Normal,Attack,Attack,Attack
2026-07-08 00:04:50,Attack,Attack,Normal,Attack
2026-07-08 00:04:50,Normal,Attack,Normal,Normal
2026-07-08 00:04:50,Attack,Attack,Attack,Attack
2026-07-08 00:04:50,Normal,Normal,Attack,Normal
2026-07-08 00:04:50,Normal,Attack,Normal,Normal
2026-07-08 00:04:50,Attack,Attack,Normal,Attack
2026-07-08 00:04:50,Attack,Attack,Attack,Attack
2026-07-08 00:04:50,Attack,Attack,Attack,Attack
2026-07-08 00:04:50,Normal,Attack,Normal,Normal
2026-07-08 00:04:50,Attack,Attack,Attack,Attack
2026-07-08 00:04:50,Attack,Attack,Attack,Attack
2026-07-08 00:04:50,Normal,Normal,Normal,Normal
2026-07-08 00:04:50,Attack,Attack,Attack,Attack
2026-07-08 00:04:50,Attack,Normal,Normal,Normal
2026-07-08 00:04:50,Normal,Attack,Normal,Normal
2026-07-08 00:04:50,Attack,Attack,Attack,Attack
2026-07-08 00:04:50,Attack,Attack,Attack,Attack
2026-07-08 00:04:50,Attack,Attack,Normal,Attack
2026-07-08 00:04:50,Attack,Attack,Normal,Attack
2026-07-08 00:04:50,Attack,Attack,Attack,Attack
2026-07-08 00:04:50,Attack,Attack,Attack,Attack
2026-07-08 00:04:50,Normal,Attack,Normal,Normal
2026-07-08 00:04:50,Normal,Attack,Attack,Attack
2026-07-08 00:04:50,Attack,Attack,Attack,Attack
2026-07-08 00:04:50,Attack,Attack,Attack,Attack
2026-07-08 00:04:50,Attack,Normal,Attack,Attack
2026-07-08 00:04:50,Normal,Attack,Attack,Attack
2026-07-08 00:04:50,Normal,Attack,Normal,Normal
2026-07-08 00:04:50,Attack,Attack,Attack,Attack
2026-07-08 00:04:50,Attack,Attack,Attack,Attack
2026-07-08 00:04:50,Attack,Attack,Attack,Attack
2026-07-08 00:04:50,Normal,Attack,Normal,Normal
2026-07-08 00:04:50,Attack,Attack,Attack,Attack
2026-07-08 00:04:50,Attack,Attack,Normal,Attack
2026-07-08 00:04:50,Attack,Attack,Attack,Attack
2026-07-08 00:04:50,Attack,Attack,Attack,Attack
2026-07-08 00:04:50,Attack,Attack,Normal,Attack
2026-07-08 00:04:50,Attack,Attack,Normal,Attack
2026-07-08 00:04:50,Attack,Attack,Attack,Attack
2026-07-08 00:04:50,Normal,Attack,Normal,Normal
2026-07-08 00:04:50,Attack,Attack,Attack,Attack
2026-07-08 00:04:50,Attack,Attack,Normal,Attack
2026-07-08 00:04:50,Attack,Attack,Attack,Attack
2026-07-08 00:04:50,Attack,Attack,Normal,Attack
2026-07-08 00:04:50,Attack,Attack,Normal,Attack
2026-07-08 00:04:50,Attack,Attack,Attack,Attack
2026-07-08 00:04:50,Attack,Attack,Attack,Attack
2026-07-08 00:04:50,Attack,Attack,Attack,Attack
2026-07-08 00:04:50,Normal,Attack,Attack,Attack
2026-07-08 00:04:50,Attack,Normal,Normal,Normal
2026-07-08 00:04:50,Normal,Normal,Normal,Normal
2026-07-08 00:04:50,Attack,Attack,Attack,Attack
2026-07-08 00:04:50,Attack,Normal,Normal,Normal
2026-07-08 00:04:50,Attack,Attack,Attack,Attack
2026-07-08 00:04:50,Attack,Attack,Attack,Attack
2026-07-08 00:04:50,Normal,Attack,Normal,Normal
2026-07-08 00:04:50,Attack,Attack,Attack,Attack
2026-07-08 00:04:50,Normal,Attack,Normal,Normal
2026-07-08 00:04:50,Attack,Attack,Attack,Attack
2026-07-08 00:04:50,Normal,Normal,Normal,Normal
2026-07-08 00:04:50,Attack,Attack,Normal,Attack
2026-07-08 00:04:50,Normal,Attack,Normal,Normal
2026-07-08 00:04:50,Attack,Attack,Attack,Attack
2026-07-08 00:04:50,Attack,Attack,Normal,Attack
2026-07-08 00:04:50,Attack,Normal,Normal,Normal
2026-07-08 00:04:50,Attack,Attack,Attack,Attack
2026-07-08 00:04:50,Attack,Attack,Attack,Attack
2026-07-08 00:04:50,Attack,Attack,Attack,Attack
2026-07-08 00:04:50,Attack,Attack,Normal,Attack
2026-07-08 00:04:50,Attack,Attack,Normal,Attack
2026-07-08 00:04:50,Attack,Normal,Attack,Attack
2026-07-08 00:04:50,Attack,Attack,Attack,Attack
2026-07-08 00:04:50,Normal,Normal,Normal,Normal
2026-07-08 00:04:50,Normal,Normal,Attack,Normal
2026-07-08 00:04:50,Attack,Attack,Attack,Attack
2026-07-08 00:04:50,Attack,Attack,Attack,Attack
2026-07-08 00:04:50,Attack,Normal,Attack,Attack
2026-07-08 00:04:50,Attack,Normal,Attack,Attack
2026-07-08 00:04:50,Attack,Attack,Normal,Attack
2026-07-08 00:04:50,Attack,Attack,Attack,Attack
2026-07-08 00:04:50,Attack,Attack,Normal,Attack
2026-07-08 00:04:50,Normal,Normal,Attack,Normal
2026-07-08 00:04:50,Normal,Normal,Attack,Normal
2026-07-08 00:04:50,Attack,Attack,Attack,Attack
2026-07-08 00:04:50,Normal,Attack,Attack,Attack
2026-07-08 00:04:50,Attack,Attack,Attack,Attack
2026-07-08 00:04:50,Attack,Attack,Normal,Attack
2026-07-08 00:04:50,Attack,Attack,Attack,Attack
2026-07-08 00:04:50,Normal,Attack,Normal,Normal
2026-07-08 00:04:50,Attack,Normal,Normal,Normal
2026-07-08 00:04:50,Attack,Attack,Attack,Attack
2026-07-08 00:04:50,Attack,Attack,Normal,Attack
2026-07-08 00:04:50,Normal,Attack,Normal,Normal
2026-07-08 00:04:50,Attack,Normal,Attack,Attack
2026-07-08 00:04:50,Attack,Attack,Attack,Attack
2026-07-08 00:04:50,Normal,Attack,Normal,Normal
2026-07-08 00:04:50,Attack,Attack,Normal,Attack
2026-07-08 00:04:50,Normal,Attack,Normal,Normal
2026-07-08 00:04:50,Attack,Attack,Attack,Attack
2026-07-08 00:04:50,Normal,Attack,Normal,Normal
2026-07-08 00:04:50,Attack,Attack,Normal,Attack
2026-07-08 00:04:50,Attack,Attack,Normal,Attack
2026-07-08 00:04:50,Attack,Attack,Attack,Attack
2026-07-08 00:04:50,Attack,Attack,Normal,Attack
2026-07-08 00:04:50,Attack,Attack,Normal,Attack
2026-07-08 00:04:50,Normal,Attack,Normal,Normal
2026-07-08 00:04:50,Attack,Attack,Attack,Attack
2026-07-08 00:04:50,Attack,Attack,Normal,Attack
2026-07-08 00:04:50,Attack,Attack,Normal,Attack
2026-07-08 00:04:50,Normal,Attack,Normal,Normal
2026-07-08 00:04:50,Normal,Attack,Attack,Attack
2026-07-08 00:04:50,Attack,Attack,Normal,Attack
2026-07-08 00:04:50,Attack,Attack,Attack,Attack
2026-07-08 00:04:50,Normal,Normal,Normal,Normal
2026-07-08 00:04:50,Attack,Attack,Attack,Attack
2026-07-08 00:04:50,Attack,Attack,Normal,Attack
2026-07-08 00:04:50,Normal,Attack,Attack,Attack
2026-07-08 00:04:50,Attack,Normal,Normal,Normal
2026-07-08 00:04:50,Normal,Normal,Attack,Normal
2026-07-08 00:04:50,Attack,Attack,Attack,Attack
2026-07-08 00:04:50,Attack,Attack,Attack,Attack
2026-07-08 00:04:50,Attack,Attack,Normal,Attack
2026-07-08 00:04:50,Attack,Attack,Attack,Attack
2026-07-08 00:04:50,Normal,Attack,Attack,Attack
2026-07-08 00:04:50,Attack,Attack,Attack,Attack
2026-07-08 00:04:50,Attack,Attack,Attack,Attack
2026-07-08 00:04:51,Attack,Attack,Normal,Attack
2026-07-08 00:04:51,Attack,Attack,Attack,Attack
2026-07-08 00:04:51,Normal,Attack,Attack,Attack
2026-07-08 00:04:51,Attack,Attack,Attack,Attack
2026-07-08 00:04:51,Attack,Attack,Attack,Attack
2026-07-08 00:04:51,Attack,Normal,Normal,Normal
2026-07-08 00:04:51,Attack,Attack,Normal,Attack
2026-07-08 00:04:51,Normal,Attack,Normal,Normal
2026-07-08 00:04:51,Attack,Attack,Normal,Attack
2026-07-08 00:04:51,Attack,Normal,Normal,Normal
2026-07-08 00:04:51,Attack,Attack,Normal,Attack
2026-07-08 00:04:51,Attack,Attack,Attack,Attack
2026-07-08 00:04:51,Attack,Normal,Normal,Normal
2026-07-08 00:04:51,Attack,Attack,Normal,Attack
2026-07-08 00:04:51,Attack,Attack,Normal,Attack
2026-07-08 00:04:51,Attack,Attack,Attack,Attack
2026-07-08 00:04:51,Attack,Attack,Attack,Attack
2026-07-08 00:04:51,Attack,Attack,Attack,Attack
2026-07-08 00:04:51,Attack,Attack,Attack,Attack
2026-07-08 00:04:51,Attack,Attack,Normal,Attack
2026-07-08 00:04:51,Normal,Attack,Attack,Attack
2026-07-08 00:04:51,Attack,Attack,Normal,Attack
2026-07-08 00:04:51,Attack,Normal,Normal,Normal
2026-07-08 00:04:51,Attack,Attack,Attack,Attack
2026-07-08 00:04:51,Normal,Attack,Attack,Attack
2026-07-08 00:04:51,Attack,Attack,Normal,Attack
2026-07-08 00:04:51,Attack,Attack,Attack,Attack
2026-07-08 00:04:51,Attack,Attack,Attack,Attack
2026-07-08 00:04:51,Normal,Attack,Normal,Normal
2026-07-08 00:04:51,Attack,Attack,Attack,Attack
2026-07-08 00:04:51,Attack,Attack,Attack,Attack
2026-07-08 00:04:51,Normal,Attack,Normal,Normal
2026-07-08 00:04:51,Attack,Attack,Attack,Attack
2026-07-08 00:04:51,Attack,Attack,Normal,Attack
2026-07-08 00:04:51,Attack,Attack,Attack,Attack
2026-07-08 00:04:51,Attack,Attack,Attack,Attack
2026-07-08 00:04:51,Attack,Attack,Attack,Attack
2026-07-08 00:04:51,Attack,Attack,Attack,Attack
2026-07-08 00:04:51,Attack,Attack,Attack,Attack
2026-07-08 00:04:51,Attack,Attack,Attack,Attack
2026-07-08 00:04:51,Normal,Attack,Attack,Attack
2026-07-08 00:04:51,Normal,Attack,Attack,Attack
2026-07-08 00:04:51,Attack,Attack,Attack,Attack
2026-07-08 00:04:51,Attack,Attack,Normal,Attack
2026-07-08 00:04:51,Attack,Attack,Attack,Attack
2026-07-08 00:04:51,Attack,Attack,Normal,Attack
2026-07-08 00:04:51,Attack,Attack,Attack,Attack
2026-07-08 00:04:51,Normal,Attack,Normal,Normal
2026-07-08 00:04:51,Attack,Attack,Attack,Attack
2026-07-08 00:04:51,Normal,Normal,Normal,Normal
2026-07-08 00:04:51,Normal,Attack,Attack,Attack
2026-07-08 00:04:51,Normal,Attack,Normal,Normal
2026-07-08 00:04:51,Attack,Attack,Attack,Attack
2026-07-08 00:04:51,Attack,Attack,Attack,Attack
2026-07-08 00:04:51,Attack,Attack,Normal,Attack
2026-07-08 00:04:51,Attack,Attack,Attack,Attack
2026-07-08 00:04:51,Attack,Normal,Attack,Attack
2026-07-08 00:04:51,Attack,Attack,Normal,Attack
2026-07-08 00:04:51,Normal,Attack,Normal,Normal
2026-07-08 00:04:51,Attack,Attack,Attack,Attack
2026-07-08 00:04:51,Normal,Attack,Normal,Normal
2026-07-08 00:04:51,Normal,Attack,Attack,Attack
2026-07-08 00:04:51,Attack,Attack,Normal,Attack
2026-07-08 00:04:51,Attack,Attack,Attack,Attack
2026-07-08 00:04:51,Normal,Attack,Attack,Attack
2026-07-08 00:04:51,Attack,Attack,Attack,Attack
2026-07-08 00:04:51,Normal,Attack,Normal,Normal
2026-07-08 00:04:51,Normal,Normal,Normal,Normal
2026-07-08 00:04:51,Attack,Attack,Normal,Attack
2026-07-08 00:04:51,Attack,Attack,Normal,Attack
2026-07-08 00:04:51,Normal,Attack,Attack,Attack
2026-07-08 00:04:51,Attack,Attack,Normal,Attack
2026-07-08 00:04:51,Attack,Attack,Attack,Attack
2026-07-08 00:04:51,Attack,Attack,Normal,Attack
2026-07-08 00:04:51,Attack,Attack,Attack,Attack
2026-07-08 00:04:51,Normal,Normal,Normal,Normal
2026-07-08 00:04:51,Attack,Attack,Attack,Attack
2026-07-08 00:04:51,Normal,Attack,Attack,Attack
2026-07-08 00:04:51,Attack,Attack,Normal,Attack
2026-07-08 00:04:51,Normal,Attack,Normal,Normal
2026-07-08 00:04:51,Attack,Attack,Normal,Attack
2026-07-08 00:04:51,Attack,Attack,Attack,Attack
2026-07-08 00:04:51,Attack,Attack,Attack,Attack
2026-07-08 00:04:51,Attack,Attack,Normal,Attack
2026-07-08 00:04:51,Normal,Attack,Normal,Normal
2026-07-08 00:04:51,Normal,Attack,Normal,Normal
2026-07-08 00:04:51,Normal,Attack,Normal,Normal
2026-07-08 00:04:51,Normal,Attack,Normal,Normal
2026-07-08 00:04:51,Attack,Normal,Normal,Normal
2026-07-08 00:04:51,Attack,Attack,Attack,Attack
2026-07-08 00:04:51,Attack,Attack,Attack,Attack
2026-07-08 00:04:51,Normal,Attack,Attack,Attack
2026-07-08 00:04:51,Attack,Attack,Attack,Attack
2026-07-08 00:04:51,Normal,Normal,Attack,Normal
2026-07-08 00:04:51,Attack,Attack,Attack,Attack
2026-07-08 00:04:51,Attack,Attack,Attack,Attack
2026-07-08 00:04:51,Attack,Attack,Attack,Attack
2026-07-08 00:04:51,Attack,Normal,Attack,Attack
2026-07-08 00:04:51,Attack,Attack,Attack,Attack
2026-07-08 00:04:51,Attack,Attack,Attack,Attack
2026-07-08 00:04:51,Attack,Attack,Normal,Attack
2026-07-08 00:04:51,Normal,Normal,Attack,Normal
2026-07-08 00:04:51,Attack,Attack,Attack,Attack
2026-07-08 00:04:51,Attack,Attack,Attack,Attack
2026-07-08 00:04:51,Normal,Attack,Normal,Normal
2026-07-08 00:04:51,Attack,Attack,Normal,Attack
2026-07-08 00:04:51,Attack,Attack,Normal,Attack
2026-07-08 00:04:51,Normal,Attack,Normal,Normal
2026-07-08 00:04:51,Attack,Attack,Attack,Attack
2026-07-08 00:04:51,Attack,Attack,Attack,Attack
2026-07-08 00:04:51,Normal,Attack,Normal,Normal
2026-07-08 00:04:51,Attack,Normal,Normal,Normal
2026-07-08 00:04:51,Attack,Attack,Attack,Attack
2026-07-08 00:04:51,Attack,Attack,Attack,Attack
2026-07-08 00:04:51,Normal,Normal,Normal,Normal
2026-07-08 00:04:51,Attack,Normal,Attack,Attack
2026-07-08 00:04:51,Attack,Attack,Attack,Attack
2026-07-08 00:04:51,Attack,Attack,Normal,Attack
2026-07-08 00:04:51,Attack,Attack,Attack,Attack
2026-07-08 00:04:51,Normal,Attack,Normal,Normal
2026-07-08 00:04:51,Attack,Attack,Attack,Attack
2026-07-08 00:04:51,Attack,Attack,Normal,Attack
2026-07-08 00:04:51,Normal,Attack,Attack,Attack
2026-07-08 00:04:51,Attack,Attack,Attack,Attack
2026-07-08 00:04:51,Normal,Normal,Attack,Normal
2026-07-08 00:04:51,Attack,Attack,Normal,Attack
2026-07-08 00:04:51,Attack,Attack,Normal,Attack
2026-07-08 00:04:51,Attack,Attack,Normal,Attack
2026-07-08 00:04:51,Normal,Attack,Normal,Normal
2026-07-08 00:04:51,Attack,Attack,Normal,Attack
2026-07-08 00:04:52,Normal,Attack,Normal,Normal
2026-07-08 00:04:52,Attack,Attack,Normal,Attack
2026-07-08 00:04:52,Normal,Attack,Attack,Attack
2026-07-08 00:04:52,Attack,Normal,Normal,Normal
2026-07-08 00:04:52,Attack,Attack,Attack,Attack
2026-07-08 00:04:52,Attack,Attack,Attack,Attack
2026-07-08 00:04:52,Attack,Attack,Attack,Attack
2026-07-08 00:04:52,Attack,Attack,Normal,Attack
2026-07-08 00:04:52,Attack,Attack,Attack,Attack
2026-07-08 00:04:52,Attack,Attack,Normal,Attack
2026-07-08 00:04:52,Attack,Attack,Attack,Attack
2026-07-08 00:04:52,Attack,Attack,Attack,Attack
2026-07-08 00:04:52,Normal,Normal,Attack,Normal
2026-07-08 00:04:52,Normal,Normal,Normal,Normal
2026-07-08 00:04:52,Attack,Attack,Attack,Attack
2026-07-08 00:04:52,Normal,Normal,Normal,Normal
2026-07-08 00:04:52,Normal,Attack,Normal,Normal
2026-07-08 00:04:52,Attack,Attack,Normal,Attack
2026-07-08 00:04:52,Normal,Attack,Normal,Normal
2026-07-08 00:04:52,Attack,Attack,Attack,Attack
2026-07-08 00:04:52,Attack,Attack,Normal,Attack
2026-07-08 00:04:52,Attack,Normal,Normal,Normal
2026-07-08 00:04:52,Attack,Attack,Normal,Attack
2026-07-08 00:04:52,Normal,Normal,Normal,Normal
2026-07-08 00:04:52,Attack,Normal,Attack,Attack
2026-07-08 00:04:52,Normal,Normal,Attack,Normal
2026-07-08 00:04:52,Normal,Attack,Normal,Normal
2026-07-08 00:04:52,Attack,Attack,Attack,Attack
2026-07-08 00:04:52,Normal,Attack,Attack,Attack
2026-07-08 00:04:52,Attack,Attack,Normal,Attack
2026-07-08 00:04:52,Attack,Attack,Attack,Attack
2026-07-08 00:04:52,Attack,Attack,Attack,Attack
2026-07-08 00:04:52,Attack,Attack,Normal,Attack
2026-07-08 00:04:52,Normal,Attack,Attack,Attack
2026-07-08 00:04:52,Attack,Attack,Attack,Attack
2026-07-08 00:04:52,Attack,Attack,Attack,Attack
2026-07-08 00:04:52,Normal,Attack,Normal,Normal
2026-07-08 00:04:52,Attack,Attack,Normal,Attack
2026-07-08 00:04:52,Attack,Attack,Attack,Attack
2026-07-08 00:04:52,Attack,Attack,Normal,Attack
2026-07-08 00:04:52,Attack,Normal,Attack,Attack
2026-07-08 00:04:52,Attack,Normal,Normal,Normal
2026-07-08 00:04:52,Attack,Attack,Attack,Attack
2026-07-08 00:04:52,Attack,Attack,Attack,Attack
2026-07-08 00:04:52,Attack,Normal,Attack,Attack
2026-07-08 00:04:52,Attack,Attack,Normal,Attack
2026-07-08 00:04:52,Normal,Attack,Normal,Normal
2026-07-08 00:04:52,Normal,Attack,Normal,Normal
2026-07-08 00:04:52,Normal,Attack,Normal,Normal
2026-07-08 00:04:52,Attack,Attack,Attack,Attack
2026-07-08 00:04:52,Attack,Attack,Normal,Attack
2026-07-08 00:04:52,Normal,Attack,Normal,Normal
2026-07-08 00:04:52,Attack,Attack,Normal,Attack
2026-07-08 00:04:52,Attack,Attack,Attack,Attack
2026-07-08 00:04:52,Attack,Attack,Attack,Attack
2026-07-08 00:04:52,Attack,Attack,Normal,Attack
2026-07-08 00:04:52,Attack,Attack,Attack,Attack
2026-07-08 00:04:52,Normal,Attack,Normal,Normal
2026-07-08 00:04:52,Attack,Attack,Attack,Attack
2026-07-08 00:04:52,Attack,Attack,Normal,Attack
2026-07-08 00:04:52,Attack,Attack,Attack,Attack
2026-07-08 00:04:52,Attack,Attack,Attack,Attack
2026-07-08 00:04:52,Normal,Normal,Normal,Normal
2026-07-08 00:04:52,Attack,Attack,Attack,Attack
2026-07-08 00:04:52,Attack,Attack,Attack,Attack
2026-07-08 00:04:52,Normal,Normal,Normal,Normal
2026-07-08 00:04:52,Attack,Normal,Attack,Attack
2026-07-08 00:04:52,Attack,Attack,Attack,Attack
2026-07-08 00:04:52,Attack,Attack,Attack,Attack
2026-07-08 00:04:52,Attack,Normal,Normal,Normal
2026-07-08 00:04:52,Attack,Attack,Normal,Attack
2026-07-08 00:04:52,Attack,Attack,Attack,Attack
2026-07-08 00:04:52,Attack,Attack,Attack,Attack
2026-07-08 00:04:52,Normal,Attack,Attack,Attack
2026-07-08 00:04:52,Attack,Attack,Attack,Attack
2026-07-08 00:04:52,Attack,Attack,Attack,Attack
2026-07-08 00:04:52,Attack,Attack,Attack,Attack
2026-07-08 00:04:52,Normal,Normal,Attack,Normal
2026-07-08 00:04:52,Normal,Attack,Attack,Attack
2026-07-08 00:04:52,Normal,Attack,Normal,Normal
2026-07-08 00:04:52,Attack,Attack,Normal,Attack
2026-07-08 00:04:52,Attack,Attack,Normal,Attack
2026-07-08 00:04:52,Attack,Attack,Attack,Attack
2026-07-08 00:04:52,Attack,Attack,Attack,Attack
2026-07-08 00:04:52,Normal,Attack,Normal,Normal
2026-07-08 00:04:52,Normal,Attack,Normal,Normal
2026-07-08 00:04:52,Normal,Attack,Normal,Normal
2026-07-08 00:04:52,Attack,Attack,Attack,Attack
2026-07-08 00:04:52,Attack,Attack,Attack,Attack
2026-07-08 00:04:52,Attack,Attack,Attack,Attack
2026-07-08 00:04:52,Attack,Attack,Normal,Attack
2026-07-08 00:04:52,Normal,Attack,Normal,Normal
2026-07-08 00:04:52,Attack,Normal,Normal,Normal
2026-07-08 00:04:52,Attack,Attack,Attack,Attack
2026-07-08 00:04:52,Attack,Normal,Attack,Attack
2026-07-08 00:04:52,Normal,Attack,Normal,Normal
2026-07-08 00:04:52,Normal,Normal,Attack,Normal
2026-07-08 00:04:52,Attack,Attack,Attack,Attack
2026-07-08 00:04:52,Attack,Attack,Normal,Attack
2026-07-08 00:04:52,Attack,Attack,Normal,Attack
2026-07-08 00:04:52,Attack,Attack,Attack,Attack
2026-07-08 00:04:52,Attack,Attack,Normal,Attack
2026-07-08 00:04:52,Normal,Attack,Normal,Normal
2026-07-08 00:04:52,Attack,Attack,Attack,Attack
2026-07-08 00:04:52,Normal,Normal,Normal,Normal
2026-07-08 00:04:52,Normal,Attack,Attack,Attack
2026-07-08 00:04:52,Attack,Attack,Attack,Attack
2026-07-08 00:04:52,Normal,Attack,Attack,Attack
2026-07-08 00:04:52,Attack,Attack,Attack,Attack
2026-07-08 00:04:52,Attack,Attack,Attack,Attack
2026-07-08 00:04:52,Attack,Attack,Normal,Attack
2026-07-08 00:04:52,Attack,Attack,Attack,Attack
2026-07-08 00:04:52,Attack,Attack,Attack,Attack
2026-07-08 00:04:52,Attack,Attack,Normal,Attack
2026-07-08 00:04:52,Attack,Attack,Attack,Attack
2026-07-08 00:04:52,Attack,Attack,Attack,Attack
2026-07-08 00:04:52,Normal,Attack,Attack,Attack
2026-07-08 00:04:52,Attack,Attack,Normal,Attack
2026-07-08 00:04:52,Attack,Attack,Attack,Attack
2026-07-08 00:04:52,Attack,Attack,Normal,Attack
2026-07-08 00:04:52,Normal,Normal,Normal,Normal
2026-07-08 00:04:53,Attack,Attack,Attack,Attack
2026-07-08 00:04:53,Attack,Attack,Attack,Attack
2026-07-08 00:04:53,Attack,Attack,Normal,Attack
2026-07-08 00:04:53,Normal,Normal,Attack,Normal
2026-07-08 00:04:53,Attack,Normal,Normal,Normal
2026-07-08 00:04:53,Attack,Normal,Normal,Normal
2026-07-08 00:04:53,Attack,Normal,Attack,Attack
2026-07-08 00:04:53,Attack,Attack,Attack,Attack
2026-07-08 00:04:53,Attack,Attack,Attack,Attack
2026-07-08 00:04:53,Attack,Attack,Normal,Attack
2026-07-08 00:04:53,Normal,Normal,Normal,Normal
2026-07-08 00:04:53,Attack,Attack,Attack,Attack
2026-07-08 00:04:53,Attack,Attack,Attack,Attack
2026-07-08 00:04:53,Attack,Attack,Attack,Attack
2026-07-08 00:04:53,Attack,Attack,Normal,Attack
2026-07-08 00:04:53,Attack,Attack,Attack,Attack
2026-07-08 00:04:53,Attack,Attack,Normal,Attack
2026-07-08 00:04:53,Attack,Attack,Attack,Attack
2026-07-08 00:04:53,Normal,Attack,Normal,Normal
2026-07-08 00:04:53,Attack,Attack,Normal,Attack
2026-07-08 00:04:53,Normal,Attack,Attack,Attack
2026-07-08 00:04:53,Attack,Attack,Attack,Attack
2026-07-08 00:04:53,Normal,Attack,Normal,Normal
2026-07-08 00:04:53,Attack,Attack,Attack,Attack
2026-07-08 00:04:53,Attack,Attack,Attack,Attack
2026-07-08 00:04:53,Attack,Attack,Attack,Attack
2026-07-08 00:04:53,Attack,Attack,Attack,Attack
2026-07-08 00:04:53,Attack,Attack,Attack,Attack
2026-07-08 00:04:53,Attack,Attack,Attack,Attack
2026-07-08 00:04:53,Normal,Attack,Normal,Normal
2026-07-08 00:04:53,Normal,Attack,Normal,Normal
2026-07-08 00:04:53,Attack,Attack,Normal,Attack
2026-07-08 00:04:53,Normal,Normal,Normal,Normal
2026-07-08 00:04:53,Attack,Attack,Attack,Attack
2026-07-08 00:04:53,Attack,Attack,Normal,Attack
2026-07-08 00:04:53,Attack,Attack,Attack,Attack
2026-07-08 00:04:53,Attack,Attack,Attack,Attack
2026-07-08 00:04:53,Attack,Attack,Normal,Attack
2026-07-08 00:04:53,Attack,Attack,Attack,Attack
2026-07-08 00:04:53,Normal,Attack,Normal,Normal
2026-07-08 00:04:53,Normal,Attack,Normal,Normal
2026-07-08 00:04:53,Attack,Attack,Attack,Attack
2026-07-08 00:04:53,Attack,Attack,Attack,Attack
2026-07-08 00:04:53,Attack,Attack,Normal,Attack
2026-07-08 00:04:53,Attack,Normal,Normal,Normal
2026-07-08 00:04:53,Attack,Attack,Normal,Attack
2026-07-08 00:04:53,Attack,Attack,Attack,Attack
2026-07-08 00:04:53,Normal,Normal,Attack,Normal
2026-07-08 00:04:53,Attack,Attack,Normal,Attack
2026-07-08 00:04:53,Attack,Attack,Normal,Attack
2026-07-08 00:04:53,Attack,Attack,Normal,Attack
2026-07-08 00:04:53,Attack,Attack,Attack,Attack
2026-07-08 00:04:53,Attack,Attack,Attack,Attack
2026-07-08 00:04:53,Attack,Attack,Attack,Attack
2026-07-08 00:04:53,Normal,Normal,Normal,Normal
2026-07-08 00:04:53,Normal,Attack,Normal,Normal
2026-07-08 00:04:53,Normal,Attack,Attack,Attack
2026-07-08 00:04:53,Normal,Normal,Normal,Normal
2026-07-08 00:04:53,Attack,Attack,Normal,Attack
2026-07-08 00:04:53,Attack,Attack,Attack,Attack
2026-07-08 00:04:53,Attack,Attack,Attack,Attack
2026-07-08 00:04:53,Attack,Attack,Normal,Attack
2026-07-08 00:04:53,Attack,Normal,Attack,Attack
2026-07-08 00:04:53,Attack,Attack,Normal,Attack
2026-07-08 00:04:53,Attack,Attack,Attack,Attack
2026-07-08 00:04:53,Normal,Normal,Normal,Normal
2026-07-08 00:04:53,Attack,Attack,Attack,Attack
2026-07-08 00:04:53,Attack,Attack,Attack,Attack
2026-07-08 00:04:53,Attack,Attack,Attack,Attack
2026-07-08 00:04:53,Attack,Attack,Attack,Attack
2026-07-08 00:04:53,Normal,Normal,Normal,Normal
2026-07-08 00:04:53,Normal,Normal,Normal,Normal
2026-07-08 00:04:53,Normal,Normal,Attack,Normal
2026-07-08 00:04:53,Attack,Attack,Attack,Attack
2026-07-08 00:04:53,Attack,Attack,Normal,Attack
2026-07-08 00:04:53,Attack,Attack,Attack,Attack
2026-07-08 00:04:53,Attack,Attack,Attack,Attack
2026-07-08 00:04:53,Attack,Attack,Normal,Attack
2026-07-08 00:04:53,Normal,Attack,Normal,Normal
2026-07-08 00:04:53,Attack,Attack,Attack,Attack
2026-07-08 00:04:53,Normal,Attack,Attack,Attack
2026-07-08 00:04:53,Attack,Attack,Attack,Attack
2026-07-08 00:04:53,Normal,Attack,Normal,Normal
2026-07-08 00:04:53,Normal,Attack,Normal,Normal
2026-07-08 00:04:53,Attack,Attack,Attack,Attack
2026-07-08 00:04:53,Normal,Attack,Normal,Normal
2026-07-08 00:04:53,Attack,Attack,Attack,Attack
2026-07-08 00:04:53,Attack,Attack,Attack,Attack
2026-07-08 00:04:53,Attack,Attack,Attack,Attack
2026-07-08 00:04:53,Attack,Attack,Attack,Attack
2026-07-08 00:04:53,Attack,Attack,Attack,Attack
2026-07-08 00:04:53,Attack,Attack,Attack,Attack
2026-07-08 00:04:53,Normal,Attack,Normal,Normal
2026-07-08 00:04:53,Normal,Attack,Normal,Normal
2026-07-08 00:04:53,Attack,Attack,Normal,Attack
2026-07-08 00:04:53,Attack,Attack,Attack,Attack
2026-07-08 00:04:53,Normal,Normal,Attack,Normal
2026-07-08 00:04:53,Normal,Attack,Normal,Normal
2026-07-08 00:04:53,Attack,Attack,Attack,Attack
2026-07-08 00:04:53,Attack,Attack,Attack,Attack
2026-07-08 00:04:53,Attack,Attack,Normal,Attack
2026-07-08 00:04:53,Attack,Attack,Normal,Attack
2026-07-08 00:04:53,Attack,Attack,Normal,Attack
2026-07-08 00:04:53,Normal,Normal,Normal,Normal
2026-07-08 00:04:53,Attack,Attack,Attack,Attack
2026-07-08 00:04:53,Attack,Attack,Normal,Attack
2026-07-08 00:04:53,Attack,Attack,Attack,Attack
2026-07-08 00:04:53,Attack,Attack,Attack,Attack
2026-07-08 00:04:53,Attack,Attack,Attack,Attack
2026-07-08 00:04:53,Attack,Attack,Normal,Attack
2026-07-08 00:04:53,Attack,Attack,Attack,Attack
2026-07-08 00:04:53,Attack,Attack,Normal,Attack
2026-07-08 00:04:53,Attack,Attack,Attack,Attack
2026-07-08 00:04:53,Attack,Attack,Normal,Attack
2026-07-08 00:04:53,Attack,Attack,Attack,Attack
2026-07-08 00:04:53,Attack,Attack,Attack,Attack
2026-07-08 00:04:53,Attack,Attack,Attack,Attack
2026-07-08 00:04:53,Normal,Attack,Normal,Normal
2026-07-08 00:04:53,Attack,Attack,Normal,Attack
2026-07-08 00:04:53,Normal,Attack,Normal,Normal
2026-07-08 00:04:53,Attack,Attack,Attack,Attack
2026-07-08 00:04:53,Normal,Attack,Attack,Attack
2026-07-08 00:04:53,Attack,Normal,Attack,Attack
2026-07-08 00:04:53,Normal,Attack,Normal,Normal
2026-07-08 00:04:53,Attack,Attack,Attack,Attack
2026-07-08 00:04:53,Attack,Attack,Attack,Attack
2026-07-08 00:04:53,Attack,Attack,Normal,Attack
2026-07-08 00:04:53,Attack,Attack,Attack,Attack
2026-07-08 00:04:53,Normal,Attack,Normal,Normal
2026-07-08 00:04:53,Attack,Attack,Attack,Attack
2026-07-08 00:04:53,Normal,Attack,Attack,Attack
2026-07-08 00:04:54,Attack,Attack,Attack,Attack
2026-07-08 00:04:54,Attack,Attack,Normal,Attack
2026-07-08 00:04:54,Attack,Attack,Attack,Attack
2026-07-08 00:04:54,Normal,Attack,Normal,Normal
2026-07-08 00:04:54,Attack,Attack,Normal,Attack
2026-07-08 00:04:54,Attack,Normal,Attack,Attack
2026-07-08 00:04:54,Attack,Attack,Normal,Attack
2026-07-08 00:04:54,Attack,Attack,Attack,Attack
2026-07-08 00:04:54,Attack,Attack,Normal,Attack
2026-07-08 00:04:54,Attack,Normal,Attack,Attack
2026-07-08 00:04:54,Normal,Normal,Attack,Normal
2026-07-08 00:04:54,Normal,Normal,Normal,Normal
2026-07-08 00:04:54,Normal,Attack,Attack,Attack
2026-07-08 00:04:54,Attack,Normal,Attack,Attack
2026-07-08 00:04:54,Attack,Normal,Normal,Normal
2026-07-08 00:04:54,Attack,Attack,Normal,Attack
2026-07-08 00:04:54,Attack,Attack,Normal,Attack
2026-07-08 00:04:54,Attack,Normal,Attack,Attack
2026-07-08 00:04:54,Attack,Normal,Normal,Normal
2026-07-08 00:04:54,Attack,Attack,Attack,Attack
2026-07-08 00:04:54,Attack,Attack,Attack,Attack
2026-07-08 00:04:54,Attack,Attack,Attack,Attack
2026-07-08 00:04:54,Attack,Attack,Attack,Attack
2026-07-08 00:04:54,Attack,Attack,Attack,Attack
2026-07-08 00:04:54,Normal,Normal,Normal,Normal
2026-07-08 00:04:54,Attack,Attack,Attack,Attack
2026-07-08 00:04:54,Attack,Attack,Attack,Attack
2026-07-08 00:04:54,Attack,Attack,Normal,Attack
2026-07-08 00:04:54,Attack,Attack,Attack,Attack
2026-07-08 00:04:54,Attack,Attack,Attack,Attack
2026-07-08 00:04:54,Normal,Attack,Normal,Normal
2026-07-08 00:04:54,Attack,Attack,Attack,Attack
2026-07-08 00:04:54,Attack,Normal,Attack,Attack
2026-07-08 00:04:54,Normal,Attack,Normal,Normal
2026-07-08 00:04:54,Attack,Attack,Normal,Attack
2026-07-08 00:04:54,Attack,Attack,Attack,Attack
2026-07-08 00:04:54,Normal,Attack,Normal,Normal
2026-07-08 00:04:54,Attack,Attack,Attack,Attack
2026-07-08 00:04:54,Attack,Normal,Normal,Normal
2026-07-08 00:04:54,Attack,Normal,Normal,Normal
2026-07-08 00:04:54,Attack,Attack,Normal,Attack
2026-07-08 00:04:54,Attack,Attack,Attack,Attack
2026-07-08 00:04:54,Attack,Attack,Attack,Attack
2026-07-08 00:04:54,Normal,Normal,Normal,Normal
2026-07-08 00:04:54,Normal,Normal,Normal,Normal
2026-07-08 00:04:54,Attack,Attack,Normal,Attack
2026-07-08 00:04:54,Attack,Attack,Attack,Attack
2026-07-08 00:04:54,Attack,Attack,Normal,Attack
2026-07-08 00:04:54,Normal,Normal,Attack,Normal
2026-07-08 00:04:54,Attack,Attack,Attack,Attack
2026-07-08 00:04:54,Attack,Normal,Attack,Attack
2026-07-08 00:04:54,Attack,Attack,Normal,Attack
2026-07-08 00:04:54,Attack,Attack,Attack,Attack
2026-07-08 00:04:54,Normal,Attack,Normal,Normal
2026-07-08 00:04:54,Attack,Attack,Attack,Attack
2026-07-08 00:04:54,Attack,Attack,Attack,Attack
2026-07-08 00:04:54,Attack,Attack,Normal,Attack
2026-07-08 00:04:54,Attack,Attack,Attack,Attack
2026-07-08 00:04:54,Attack,Attack,Normal,Attack
2026-07-08 00:04:54,Attack,Attack,Normal,Attack
2026-07-08 00:04:54,Attack,Attack,Attack,Attack
2026-07-08 00:04:54,Attack,Attack,Normal,Attack
2026-07-08 00:04:54,Attack,Attack,Normal,Attack
2026-07-08 00:04:54,Attack,Attack,Normal,Attack
2026-07-08 00:04:54,Attack,Attack,Normal,Attack
2026-07-08 00:04:54,Normal,Normal,Attack,Normal
2026-07-08 00:04:54,Normal,Attack,Normal,Normal
2026-07-08 00:04:54,Normal,Attack,Attack,Attack
2026-07-08 00:04:54,Normal,Normal,Normal,Normal
2026-07-08 00:04:54,Attack,Attack,Attack,Attack
2026-07-08 00:04:54,Attack,Attack,Normal,Attack
2026-07-08 00:04:54,Attack,Attack,Attack,Attack
2026-07-08 00:04:54,Attack,Normal,Attack,Attack
2026-07-08 00:04:54,Attack,Normal,Normal,Normal
2026-07-08 00:04:54,Attack,Attack,Normal,Attack
2026-07-08 00:04:54,Normal,Attack,Normal,Normal
2026-07-08 00:04:54,Attack,Attack,Attack,Attack
2026-07-08 00:04:54,Attack,Attack,Attack,Attack
2026-07-08 00:04:54,Normal,Attack,Normal,Normal
2026-07-08 00:04:54,Attack,Attack,Normal,Attack
2026-07-08 00:04:54,Attack,Attack,Normal,Attack
2026-07-08 00:04:54,Attack,Attack,Attack,Attack
2026-07-08 00:04:54,Attack,Attack,Normal,Attack
2026-07-08 00:04:54,Normal,Attack,Normal,Normal
2026-07-08 00:04:54,Normal,Attack,Normal,Normal
2026-07-08 00:04:54,Normal,Attack,Attack,Attack
2026-07-08 00:04:54,Attack,Attack,Attack,Attack
2026-07-08 00:04:54,Attack,Attack,Normal,Attack
2026-07-08 00:04:54,Attack,Attack,Attack,Attack
2026-07-08 00:04:54,Attack,Attack,Attack,Attack
2026-07-08 00:04:54,Attack,Attack,Normal,Attack
2026-07-08 00:04:54,Normal,Attack,Attack,Attack
2026-07-08 00:04:54,Normal,Normal,Normal,Normal
2026-07-08 00:04:54,Attack,Attack,Attack,Attack
2026-07-08 00:04:54,Attack,Attack,Attack,Attack
2026-07-08 00:04:54,Attack,Attack,Normal,Attack
2026-07-08 00:04:54,Attack,Normal,Attack,Attack
2026-07-08 00:04:54,Normal,Attack,Normal,Normal
2026-07-08 00:04:54,Attack,Normal,Attack,Attack
2026-07-08 00:04:54,Attack,Attack,Attack,Attack
2026-07-08 00:04:54,Attack,Attack,Normal,Attack
2026-07-08 00:04:54,Normal,Normal,Normal,Normal
2026-07-08 00:04:54,Attack,Attack,Attack,Attack
2026-07-08 00:04:54,Attack,Normal,Normal,Normal
2026-07-08 00:04:54,Attack,Attack,Attack,Attack
2026-07-08 00:04:54,Attack,Attack,Attack,Attack
2026-07-08 00:04:54,Attack,Attack,Normal,Attack
2026-07-08 00:04:54,Attack,Normal,Normal,Normal
2026-07-08 00:04:54,Attack,Attack,Normal,Attack
2026-07-08 00:04:54,Attack,Attack,Attack,Attack
2026-07-08 00:04:54,Attack,Attack,Attack,Attack
2026-07-08 00:04:54,Attack,Attack,Attack,Attack
2026-07-08 00:04:54,Attack,Attack,Attack,Attack
2026-07-08 00:04:54,Attack,Attack,Normal,Attack
2026-07-08 00:04:54,Attack,Attack,Attack,Attack
2026-07-08 00:04:54,Normal,Attack,Normal,Normal
2026-07-08 00:04:54,Attack,Attack,Normal,Attack
2026-07-08 00:04:54,Attack,Attack,Attack,Attack
2026-07-08 00:04:54,Attack,Attack,Attack,Attack
2026-07-08 00:04:54,Attack,Attack,Attack,Attack
2026-07-08 00:04:54,Attack,Attack,Attack,Attack
2026-07-08 00:04:54,Attack,Attack,Attack,Attack
2026-07-08 00:04:54,Attack,Attack,Normal,Attack
2026-07-08 00:07:11,Attack,Attack,Normal,Attack
2026-07-08 00:07:11,Attack,Attack,Attack,Attack
2026-07-08 00:07:11,Attack,Attack,Normal,Attack
2026-07-08 00:07:11,Attack,Attack,Normal,Attack
2026-07-08 00:07:11,Attack,Attack,Normal,Attack
2026-07-08 00:07:11,Normal,Normal,Attack,Normal
2026-07-08 00:07:11,Attack,Attack,Normal,Attack
2026-07-08 00:07:11,Normal,Attack,Normal,Normal
2026-07-08 00:07:11,Attack,Normal,Attack,Attack
2026-07-08 00:07:11,Attack,Attack,Normal,Attack
2026-07-08 00:07:11,Attack,Normal,Attack,Attack
2026-07-08 00:07:11,Attack,Attack,Attack,Attack
2026-07-08 00:07:11,Attack,Attack,Attack,Attack
2026-07-08 00:07:11,Normal,Attack,Attack,Attack
2026-07-08 00:07:11,Attack,Normal,Normal,Normal
2026-07-08 00:07:11,Attack,Attack,Attack,Attack
2026-07-08 00:07:11,Attack,Attack,Attack,Attack
2026-07-08 00:07:11,Attack,Attack,Attack,Attack
2026-07-08 00:07:11,Attack,Attack,Normal,Attack
2026-07-08 00:07:11,Attack,Attack,Normal,Attack
2026-07-08 00:07:11,Attack,Attack,Attack,Attack
2026-07-08 00:07:11,Normal,Normal,Normal,Normal
2026-07-08 00:07:11,Attack,Attack,Normal,Attack
2026-07-08 00:07:11,Attack,Attack,Attack,Attack
2026-07-08 00:07:11,Attack,Attack,Normal,Attack
2026-07-08 00:07:11,Attack,Attack,Attack,Attack
2026-07-08 00:07:11,Attack,Attack,Attack,Attack
2026-07-08 00:07:11,Attack,Attack,Attack,Attack
2026-07-08 00:07:11,Normal,Attack,Attack,Attack
2026-07-08 00:07:11,Normal,Normal,Normal,Normal
2026-07-08 00:07:12,Attack,Attack,Attack,Attack
2026-07-08 00:07:12,Attack,Attack,Normal,Attack
2026-07-08 00:07:12,Attack,Attack,Attack,Attack
2026-07-08 00:07:12,Attack,Attack,Attack,Attack
2026-07-08 00:07:12,Attack,Attack,Attack,Attack
2026-07-08 00:07:12,Attack,Attack,Normal,Attack
2026-07-08 00:07:12,Attack,Attack,Attack,Attack
2026-07-08 00:07:12,Normal,Attack,Normal,Normal
2026-07-08 00:07:12,Attack,Attack,Attack,Attack
2026-07-08 00:07:12,Normal,Attack,Attack,Attack
2026-07-08 00:07:12,Attack,Attack,Normal,Attack
2026-07-08 00:07:12,Normal,Attack,Normal,Normal
2026-07-08 00:07:12,Attack,Attack,Attack,Attack
2026-07-08 00:07:12,Normal,Normal,Attack,Normal
2026-07-08 00:07:12,Normal,Attack,Normal,Normal
2026-07-08 00:07:12,Attack,Attack,Normal,Attack
2026-07-08 00:07:12,Attack,Attack,Attack,Attack
2026-07-08 00:07:12,Attack,Attack,Attack,Attack
2026-07-08 00:07:12,Normal,Attack,Normal,Normal
2026-07-08 00:07:12,Attack,Attack,Attack,Attack
2026-07-08 00:07:12,Attack,Attack,Attack,Attack
2026-07-08 00:07:12,Normal,Normal,Normal,Normal
2026-07-08 00:07:12,Attack,Attack,Attack,Attack
2026-07-08 00:07:12,Attack,Normal,Normal,Normal
2026-07-08 00:07:12,Normal,Attack,Normal,Normal
2026-07-08 00:07:12,Attack,Attack,Attack,Attack
2026-07-08 00:07:12,Attack,Attack,Attack,Attack
2026-07-08 00:07:12,Attack,Attack,Normal,Attack
2026-07-08 00:07:12,Attack,Attack,Normal,Attack
2026-07-08 00:07:12,Attack,Attack,Attack,Attack
2026-07-08 00:07:12,Attack,Attack,Attack,Attack
2026-07-08 00:07:12,Normal,Attack,Normal,Normal
2026-07-08 00:07:12,Normal,Attack,Attack,Attack
2026-07-08 00:07:12,Attack,Attack,Attack,Attack
2026-07-08 00:07:12,Attack,Attack,Attack,Attack
2026-07-08 00:07:12,Attack,Normal,Attack,Attack
2026-07-08 00:07:12,Normal,Attack,Attack,Attack
2026-07-08 00:07:12,Normal,Attack,Normal,Normal
2026-07-08 00:07:12,Attack,Attack,Attack,Attack
2026-07-08 00:07:12,Attack,Attack,Attack,Attack
2026-07-08 00:07:12,Attack,Attack,Attack,Attack
2026-07-08 00:07:12,Normal,Attack,Normal,Normal
2026-07-08 00:07:12,Attack,Attack,Attack,Attack
2026-07-08 00:07:12,Attack,Attack,Normal,Attack
2026-07-08 00:07:12,Attack,Attack,Attack,Attack
2026-07-08 00:07:12,Attack,Attack,Attack,Attack
2026-07-08 00:07:12,Attack,Attack,Normal,Attack
2026-07-08 00:07:12,Attack,Attack,Normal,Attack
2026-07-08 00:07:12,Attack,Attack,Attack,Attack
2026-07-08 00:07:12,Normal,Attack,Normal,Normal
2026-07-08 00:07:12,Attack,Attack,Attack,Attack
2026-07-08 00:07:12,Attack,Attack,Normal,Attack
2026-07-08 00:07:12,Attack,Attack,Attack,Attack
2026-07-08 00:07:12,Attack,Attack,Normal,Attack
2026-07-08 00:07:12,Attack,Attack,Normal,Attack
2026-07-08 00:07:12,Attack,Attack,Attack,Attack
2026-07-08 00:07:12,Attack,Attack,Attack,Attack
2026-07-08 00:07:12,Attack,Attack,Attack,Attack
2026-07-08 00:07:12,Normal,Attack,Attack,Attack
2026-07-08 00:07:12,Attack,Normal,Normal,Normal
2026-07-08 00:07:12,Normal,Normal,Normal,Normal
2026-07-08 00:07:12,Attack,Attack,Attack,Attack
2026-07-08 00:07:12,Attack,Normal,Normal,Normal
2026-07-08 00:07:12,Attack,Attack,Attack,Attack
2026-07-08 00:07:12,Attack,Attack,Attack,Attack
2026-07-08 00:07:12,Normal,Attack,Normal,Normal
2026-07-08 00:07:12,Attack,Attack,Attack,Attack
2026-07-08 00:07:12,Normal,Attack,Normal,Normal
2026-07-08 00:07:12,Attack,Attack,Attack,Attack
2026-07-08 00:07:12,Normal,Normal,Normal,Normal
2026-07-08 00:07:12,Attack,Attack,Normal,Attack
2026-07-08 00:07:12,Normal,Attack,Normal,Normal
2026-07-08 00:07:12,Attack,Attack,Attack,Attack
2026-07-08 00:07:12,Attack,Attack,Normal,Attack
2026-07-08 00:07:12,Attack,Normal,Normal,Normal
2026-07-08 00:07:12,Attack,Attack,Attack,Attack
2026-07-08 00:07:12,Attack,Attack,Attack,Attack
2026-07-08 00:07:12,Attack,Attack,Attack,Attack
2026-07-08 00:07:12,Attack,Attack,Normal,Attack
2026-07-08 00:07:12,Attack,Attack,Normal,Attack
2026-07-08 00:07:12,Attack,Normal,Attack,Attack
2026-07-08 00:07:12,Attack,Attack,Attack,Attack
2026-07-08 00:07:12,Normal,Normal,Normal,Normal
2026-07-08 00:07:12,Normal,Normal,Attack,Normal
2026-07-08 00:07:12,Attack,Attack,Attack,Attack
2026-07-08 00:07:12,Attack,Attack,Attack,Attack
2026-07-08 00:07:12,Attack,Normal,Attack,Attack
2026-07-08 00:07:12,Attack,Normal,Attack,Attack
2026-07-08 00:07:12,Attack,Attack,Normal,Attack
2026-07-08 00:07:12,Attack,Attack,Attack,Attack
2026-07-08 00:07:12,Attack,Attack,Normal,Attack
2026-07-08 00:07:12,Normal,Normal,Attack,Normal
2026-07-08 00:07:12,Normal,Normal,Attack,Normal
2026-07-08 00:07:12,Attack,Attack,Attack,Attack
2026-07-08 00:07:12,Normal,Attack,Attack,Attack
2026-07-08 00:07:12,Attack,Attack,Attack,Attack
2026-07-08 00:07:12,Attack,Attack,Normal,Attack
2026-07-08 00:07:12,Attack,Attack,Attack,Attack
2026-07-08 00:07:12,Normal,Attack,Normal,Normal
2026-07-08 00:07:12,Attack,Normal,Normal,Normal
2026-07-08 00:07:12,Attack,Attack,Attack,Attack
2026-07-08 00:07:12,Attack,Attack,Normal,Attack
2026-07-08 00:07:12,Normal,Attack,Normal,Normal
2026-07-08 00:07:12,Attack,Normal,Attack,Attack
2026-07-08 00:07:12,Attack,Attack,Attack,Attack
2026-07-08 00:07:12,Normal,Attack,Normal,Normal
2026-07-08 00:07:12,Attack,Attack,Normal,Attack
2026-07-08 00:07:12,Normal,Attack,Normal,Normal
2026-07-08 00:07:12,Attack,Attack,Attack,Attack
2026-07-08 00:07:12,Normal,Attack,Normal,Normal
2026-07-08 00:07:12,Attack,Attack,Normal,Attack
2026-07-08 00:07:12,Attack,Attack,Normal,Attack
2026-07-08 00:07:12,Attack,Attack,Attack,Attack
2026-07-08 00:07:12,Attack,Attack,Normal,Attack
2026-07-08 00:07:12,Attack,Attack,Normal,Attack
2026-07-08 00:07:12,Normal,Attack,Normal,Normal
2026-07-08 00:07:12,Attack,Attack,Attack,Attack
2026-07-08 00:07:12,Attack,Attack,Normal,Attack
2026-07-08 00:07:12,Attack,Attack,Normal,Attack
2026-07-08 00:07:12,Normal,Attack,Normal,Normal
2026-07-08 00:07:12,Normal,Attack,Attack,Attack
2026-07-08 00:07:12,Attack,Attack,Normal,Attack
2026-07-08 00:07:12,Attack,Attack,Attack,Attack
2026-07-08 00:07:12,Normal,Normal,Normal,Normal
2026-07-08 00:07:12,Attack,Attack,Attack,Attack
2026-07-08 00:07:12,Attack,Attack,Normal,Attack
2026-07-08 00:07:12,Normal,Attack,Attack,Attack
2026-07-08 00:07:12,Attack,Normal,Normal,Normal
2026-07-08 00:07:12,Normal,Normal,Attack,Normal
2026-07-08 00:07:12,Attack,Attack,Attack,Attack
2026-07-08 00:07:12,Attack,Attack,Attack,Attack
2026-07-08 00:07:12,Attack,Attack,Normal,Attack
2026-07-08 00:07:12,Attack,Attack,Attack,Attack
2026-07-08 00:07:12,Normal,Attack,Attack,Attack
2026-07-08 00:07:12,Attack,Attack,Attack,Attack
2026-07-08 00:07:12,Attack,Attack,Attack,Attack
2026-07-08 00:07:12,Attack,Attack,Normal,Attack
2026-07-08 00:07:13,Attack,Attack,Attack,Attack
2026-07-08 00:07:13,Normal,Attack,Attack,Attack
2026-07-08 00:07:13,Attack,Attack,Attack,Attack
2026-07-08 00:07:13,Attack,Attack,Attack,Attack
2026-07-08 00:07:13,Attack,Normal,Normal,Normal
2026-07-08 00:07:13,Attack,Attack,Normal,Attack
2026-07-08 00:07:13,Normal,Attack,Normal,Normal
2026-07-08 00:07:13,Attack,Attack,Normal,Attack
2026-07-08 00:07:13,Attack,Normal,Normal,Normal
2026-07-08 00:07:13,Attack,Attack,Normal,Attack
2026-07-08 00:07:13,Attack,Attack,Attack,Attack
2026-07-08 00:07:13,Attack,Normal,Normal,Normal
2026-07-08 00:07:13,Attack,Attack,Normal,Attack
2026-07-08 00:07:13,Attack,Attack,Normal,Attack
2026-07-08 00:07:13,Attack,Attack,Attack,Attack
2026-07-08 00:07:13,Attack,Attack,Attack,Attack
2026-07-08 00:07:13,Attack,Attack,Attack,Attack
2026-07-08 00:07:13,Attack,Attack,Attack,Attack
2026-07-08 00:07:13,Attack,Attack,Normal,Attack
2026-07-08 00:07:13,Normal,Attack,Attack,Attack
2026-07-08 00:07:13,Attack,Attack,Normal,Attack
2026-07-08 00:07:13,Attack,Normal,Normal,Normal
2026-07-08 00:07:13,Attack,Attack,Attack,Attack
2026-07-08 00:07:13,Normal,Attack,Attack,Attack
2026-07-08 00:07:13,Attack,Attack,Normal,Attack
2026-07-08 00:07:13,Attack,Attack,Attack,Attack
2026-07-08 00:07:13,Attack,Attack,Attack,Attack
2026-07-08 00:07:13,Normal,Attack,Normal,Normal
2026-07-08 00:07:13,Attack,Attack,Attack,Attack
2026-07-08 00:07:13,Attack,Attack,Attack,Attack
2026-07-08 00:07:13,Normal,Attack,Normal,Normal
2026-07-08 00:07:13,Attack,Attack,Attack,Attack
2026-07-08 00:07:13,Attack,Attack,Normal,Attack
2026-07-08 00:07:13,Attack,Attack,Attack,Attack
2026-07-08 00:07:13,Attack,Attack,Attack,Attack
2026-07-08 00:07:13,Attack,Attack,Attack,Attack
2026-07-08 00:07:13,Attack,Attack,Attack,Attack
2026-07-08 00:07:13,Attack,Attack,Attack,Attack
2026-07-08 00:07:13,Attack,Attack,Attack,Attack
2026-07-08 00:07:13,Normal,Attack,Attack,Attack
2026-07-08 00:07:13,Normal,Attack,Attack,Attack
2026-07-08 00:07:13,Attack,Attack,Attack,Attack
2026-07-08 00:07:13,Attack,Attack,Normal,Attack
2026-07-08 00:07:13,Attack,Attack,Attack,Attack
2026-07-08 00:07:13,Attack,Attack,Normal,Attack
2026-07-08 00:07:13,Attack,Attack,Attack,Attack
2026-07-08 00:07:13,Normal,Attack,Normal,Normal
2026-07-08 00:07:13,Attack,Attack,Attack,Attack
2026-07-08 00:07:13,Normal,Normal,Normal,Normal
2026-07-08 00:07:13,Normal,Attack,Attack,Attack
2026-07-08 00:07:13,Normal,Attack,Normal,Normal
2026-07-08 00:07:13,Attack,Attack,Attack,Attack
2026-07-08 00:07:13,Attack,Attack,Attack,Attack
2026-07-08 00:07:13,Attack,Attack,Normal,Attack
2026-07-08 00:07:13,Attack,Attack,Attack,Attack
2026-07-08 00:07:13,Attack,Normal,Attack,Attack
2026-07-08 00:07:13,Attack,Attack,Normal,Attack
2026-07-08 00:07:13,Normal,Attack,Normal,Normal
2026-07-08 00:07:13,Attack,Attack,Attack,Attack
2026-07-08 00:07:13,Normal,Attack,Normal,Normal
2026-07-08 00:07:13,Normal,Attack,Attack,Attack
2026-07-08 00:07:13,Attack,Attack,Normal,Attack
2026-07-08 00:07:13,Attack,Attack,Attack,Attack
2026-07-08 00:07:13,Normal,Attack,Attack,Attack
2026-07-08 00:07:13,Attack,Attack,Attack,Attack
2026-07-08 00:07:13,Normal,Attack,Normal,Normal
2026-07-08 00:07:13,Normal,Normal,Normal,Normal
2026-07-08 00:07:13,Attack,Attack,Normal,Attack
2026-07-08 00:07:13,Attack,Attack,Normal,Attack
2026-07-08 00:07:13,Normal,Attack,Attack,Attack
2026-07-08 00:07:13,Attack,Attack,Normal,Attack
2026-07-08 00:07:13,Attack,Attack,Attack,Attack
2026-07-08 00:07:13,Attack,Attack,Normal,Attack
2026-07-08 00:07:13,Attack,Attack,Attack,Attack
2026-07-08 00:07:13,Normal,Normal,Normal,Normal
2026-07-08 00:07:13,Attack,Attack,Attack,Attack
2026-07-08 00:07:13,Normal,Attack,Attack,Attack
2026-07-08 00:07:13,Attack,Attack,Normal,Attack
2026-07-08 00:07:13,Normal,Attack,Normal,Normal
2026-07-08 00:07:13,Attack,Attack,Normal,Attack
2026-07-08 00:07:13,Attack,Attack,Attack,Attack
2026-07-08 00:07:13,Attack,Attack,Attack,Attack
2026-07-08 00:07:13,Attack,Attack,Normal,Attack
2026-07-08 00:07:13,Normal,Attack,Normal,Normal
2026-07-08 00:07:13,Normal,Attack,Normal,Normal
2026-07-08 00:07:13,Normal,Attack,Normal,Normal
2026-07-08 00:07:13,Normal,Attack,Normal,Normal
2026-07-08 00:07:13,Attack,Normal,Normal,Normal
2026-07-08 00:07:13,Attack,Attack,Attack,Attack
2026-07-08 00:07:13,Attack,Attack,Attack,Attack
2026-07-08 00:07:13,Normal,Attack,Attack,Attack
2026-07-08 00:07:13,Attack,Attack,Attack,Attack
2026-07-08 00:07:13,Normal,Normal,Attack,Normal
2026-07-08 00:07:13,Attack,Attack,Attack,Attack
2026-07-08 00:07:13,Attack,Attack,Attack,Attack
2026-07-08 00:07:13,Attack,Attack,Attack,Attack
2026-07-08 00:07:13,Attack,Normal,Attack,Attack
2026-07-08 00:07:13,Attack,Attack,Attack,Attack
2026-07-08 00:07:13,Attack,Attack,Attack,Attack
2026-07-08 00:07:13,Attack,Attack,Normal,Attack
2026-07-08 00:07:13,Normal,Normal,Attack,Normal
2026-07-08 00:07:13,Attack,Attack,Attack,Attack
2026-07-08 00:07:13,Attack,Attack,Attack,Attack
2026-07-08 00:07:13,Normal,Attack,Normal,Normal
2026-07-08 00:07:13,Attack,Attack,Normal,Attack
2026-07-08 00:07:13,Attack,Attack,Normal,Attack
2026-07-08 00:07:13,Normal,Attack,Normal,Normal
2026-07-08 00:07:13,Attack,Attack,Attack,Attack
2026-07-08 00:07:13,Attack,Attack,Attack,Attack
2026-07-08 00:07:13,Normal,Attack,Normal,Normal
2026-07-08 00:07:13,Attack,Normal,Normal,Normal
2026-07-08 00:07:13,Attack,Attack,Attack,Attack
2026-07-08 00:07:13,Attack,Attack,Attack,Attack
2026-07-08 00:07:13,Normal,Normal,Normal,Normal
2026-07-08 00:07:13,Attack,Normal,Attack,Attack
2026-07-08 00:07:13,Attack,Attack,Attack,Attack
2026-07-08 00:07:13,Attack,Attack,Normal,Attack
2026-07-08 00:07:13,Attack,Attack,Attack,Attack
2026-07-08 00:07:13,Normal,Attack,Normal,Normal
2026-07-08 00:07:13,Attack,Attack,Attack,Attack
2026-07-08 00:07:13,Attack,Attack,Normal,Attack
2026-07-08 00:07:13,Normal,Attack,Attack,Attack
2026-07-08 00:07:14,Attack,Attack,Attack,Attack
2026-07-08 00:07:14,Normal,Normal,Attack,Normal
2026-07-08 00:07:14,Attack,Attack,Normal,Attack
2026-07-08 00:07:14,Attack,Attack,Normal,Attack
2026-07-08 00:07:14,Attack,Attack,Normal,Attack
2026-07-08 00:07:14,Normal,Attack,Normal,Normal
2026-07-08 00:07:14,Attack,Attack,Normal,Attack
2026-07-08 00:07:14,Normal,Attack,Normal,Normal
2026-07-08 00:07:14,Attack,Attack,Normal,Attack
2026-07-08 00:07:14,Normal,Attack,Attack,Attack
2026-07-08 00:07:14,Attack,Normal,Normal,Normal
2026-07-08 00:07:14,Attack,Attack,Attack,Attack
2026-07-08 00:07:14,Attack,Attack,Attack,Attack
2026-07-08 00:07:14,Attack,Attack,Attack,Attack
2026-07-08 00:07:14,Attack,Attack,Normal,Attack
2026-07-08 00:07:14,Attack,Attack,Attack,Attack
2026-07-08 00:07:14,Attack,Attack,Normal,Attack
2026-07-08 00:07:14,Attack,Attack,Attack,Attack
2026-07-08 00:07:14,Attack,Attack,Attack,Attack
2026-07-08 00:07:14,Normal,Normal,Attack,Normal
2026-07-08 00:07:14,Normal,Normal,Normal,Normal
2026-07-08 00:07:14,Attack,Attack,Attack,Attack
2026-07-08 00:07:14,Normal,Normal,Normal,Normal
2026-07-08 00:07:14,Normal,Attack,Normal,Normal
2026-07-08 00:07:14,Attack,Attack,Normal,Attack
2026-07-08 00:07:14,Normal,Attack,Normal,Normal
2026-07-08 00:07:14,Attack,Attack,Attack,Attack
2026-07-08 00:07:14,Attack,Attack,Normal,Attack
2026-07-08 00:07:14,Attack,Normal,Normal,Normal
2026-07-08 00:07:14,Attack,Attack,Normal,Attack
2026-07-08 00:07:14,Normal,Normal,Normal,Normal
2026-07-08 00:07:14,Attack,Normal,Attack,Attack
2026-07-08 00:07:14,Normal,Normal,Attack,Normal
2026-07-08 00:07:14,Normal,Attack,Normal,Normal
2026-07-08 00:07:14,Attack,Attack,Attack,Attack
2026-07-08 00:07:14,Normal,Attack,Attack,Attack
2026-07-08 00:07:14,Attack,Attack,Normal,Attack
2026-07-08 00:07:14,Attack,Attack,Attack,Attack
2026-07-08 00:07:14,Attack,Attack,Attack,Attack
2026-07-08 00:07:14,Attack,Attack,Normal,Attack
2026-07-08 00:07:14,Normal,Attack,Attack,Attack
2026-07-08 00:07:14,Attack,Attack,Attack,Attack
2026-07-08 00:07:14,Attack,Attack,Attack,Attack
2026-07-08 00:07:14,Normal,Attack,Normal,Normal
2026-07-08 00:07:14,Attack,Attack,Normal,Attack
2026-07-08 00:07:14,Attack,Attack,Attack,Attack
2026-07-08 00:07:14,Attack,Attack,Normal,Attack
2026-07-08 00:07:14,Attack,Normal,Attack,Attack
2026-07-08 00:07:14,Attack,Normal,Normal,Normal
2026-07-08 00:07:14,Attack,Attack,Attack,Attack
2026-07-08 00:07:14,Attack,Attack,Attack,Attack
2026-07-08 00:07:14,Attack,Normal,Attack,Attack
2026-07-08 00:07:14,Attack,Attack,Normal,Attack
2026-07-08 00:07:14,Normal,Attack,Normal,Normal
2026-07-08 00:07:14,Normal,Attack,Normal,Normal
2026-07-08 00:07:14,Normal,Attack,Normal,Normal
2026-07-08 00:07:14,Attack,Attack,Attack,Attack
2026-07-08 00:07:14,Attack,Attack,Normal,Attack
2026-07-08 00:07:14,Normal,Attack,Normal,Normal
2026-07-08 00:07:14,Attack,Attack,Normal,Attack
2026-07-08 00:07:14,Attack,Attack,Attack,Attack
2026-07-08 00:07:14,Attack,Attack,Attack,Attack
2026-07-08 00:07:14,Attack,Attack,Normal,Attack
2026-07-08 00:07:14,Attack,Attack,Attack,Attack
2026-07-08 00:07:14,Normal,Attack,Normal,Normal
2026-07-08 00:07:14,Attack,Attack,Attack,Attack
2026-07-08 00:07:14,Attack,Attack,Normal,Attack
2026-07-08 00:07:14,Attack,Attack,Attack,Attack
2026-07-08 00:07:14,Attack,Attack,Attack,Attack
2026-07-08 00:07:14,Normal,Normal,Normal,Normal
2026-07-08 00:07:14,Attack,Attack,Attack,Attack
2026-07-08 00:07:14,Attack,Attack,Attack,Attack
2026-07-08 00:07:14,Normal,Normal,Normal,Normal
2026-07-08 00:07:14,Attack,Normal,Attack,Attack
2026-07-08 00:07:14,Attack,Attack,Attack,Attack
2026-07-08 00:07:14,Attack,Attack,Attack,Attack
2026-07-08 00:07:14,Attack,Normal,Normal,Normal
2026-07-08 00:07:14,Attack,Attack,Normal,Attack
2026-07-08 00:07:14,Attack,Attack,Attack,Attack
2026-07-08 00:07:14,Attack,Attack,Attack,Attack
2026-07-08 00:07:14,Normal,Attack,Attack,Attack
2026-07-08 00:07:14,Attack,Attack,Attack,Attack
2026-07-08 00:07:14,Attack,Attack,Attack,Attack
2026-07-08 00:07:14,Attack,Attack,Attack,Attack
2026-07-08 00:07:14,Normal,Normal,Attack,Normal
2026-07-08 00:07:14,Normal,Attack,Attack,Attack
2026-07-08 00:07:14,Normal,Attack,Normal,Normal
2026-07-08 00:07:14,Attack,Attack,Normal,Attack
2026-07-08 00:07:14,Attack,Attack,Normal,Attack
2026-07-08 00:07:14,Attack,Attack,Attack,Attack
2026-07-08 00:07:14,Attack,Attack,Attack,Attack
2026-07-08 00:07:14,Normal,Attack,Normal,Normal
2026-07-08 00:07:14,Normal,Attack,Normal,Normal
2026-07-08 00:07:14,Normal,Attack,Normal,Normal
2026-07-08 00:07:14,Attack,Attack,Attack,Attack
2026-07-08 00:07:14,Attack,Attack,Attack,Attack
2026-07-08 00:07:14,Attack,Attack,Attack,Attack
2026-07-08 00:07:14,Attack,Attack,Normal,Attack
2026-07-08 00:07:14,Normal,Attack,Normal,Normal
2026-07-08 00:07:14,Attack,Normal,Normal,Normal
2026-07-08 00:07:14,Attack,Attack,Attack,Attack
2026-07-08 00:07:14,Attack,Normal,Attack,Attack
2026-07-08 00:07:14,Normal,Attack,Normal,Normal
2026-07-08 00:07:14,Normal,Normal,Attack,Normal
2026-07-08 00:07:14,Attack,Attack,Attack,Attack
2026-07-08 00:07:14,Attack,Attack,Normal,Attack
2026-07-08 00:07:14,Attack,Attack,Normal,Attack
2026-07-08 00:07:14,Attack,Attack,Attack,Attack
2026-07-08 00:07:14,Attack,Attack,Normal,Attack
2026-07-08 00:07:14,Normal,Attack,Normal,Normal
2026-07-08 00:07:14,Attack,Attack,Attack,Attack
2026-07-08 00:07:14,Normal,Normal,Normal,Normal
2026-07-08 00:07:14,Normal,Attack,Attack,Attack
2026-07-08 00:07:14,Attack,Attack,Attack,Attack
2026-07-08 00:07:14,Normal,Attack,Attack,Attack
2026-07-08 00:07:14,Attack,Attack,Attack,Attack
2026-07-08 00:07:14,Attack,Attack,Attack,Attack
2026-07-08 00:07:14,Attack,Attack,Normal,Attack
2026-07-08 00:07:14,Attack,Attack,Attack,Attack
2026-07-08 00:07:14,Attack,Attack,Attack,Attack
2026-07-08 00:07:14,Attack,Attack,Normal,Attack
2026-07-08 00:07:14,Attack,Attack,Attack,Attack
2026-07-08 00:07:14,Attack,Attack,Attack,Attack
2026-07-08 00:07:14,Normal,Attack,Attack,Attack
2026-07-08 00:07:14,Attack,Attack,Normal,Attack
2026-07-08 00:07:14,Attack,Attack,Attack,Attack
2026-07-08 00:07:14,Attack,Attack,Normal,Attack
2026-07-08 00:07:14,Normal,Normal,Normal,Normal
2026-07-08 00:07:14,Attack,Attack,Attack,Attack
2026-07-08 00:07:14,Attack,Attack,Attack,Attack
2026-07-08 00:07:14,Attack,Attack,Normal,Attack
2026-07-08 00:07:14,Normal,Normal,Attack,Normal
2026-07-08 00:07:14,Attack,Normal,Normal,Normal
2026-07-08 00:07:15,Attack,Normal,Normal,Normal
2026-07-08 00:07:15,Attack,Normal,Attack,Attack
2026-07-08 00:07:15,Attack,Attack,Attack,Attack
2026-07-08 00:07:15,Attack,Attack,Attack,Attack
2026-07-08 00:07:15,Attack,Attack,Normal,Attack
2026-07-08 00:07:15,Normal,Normal,Normal,Normal
2026-07-08 00:07:15,Attack,Attack,Attack,Attack
2026-07-08 00:07:15,Attack,Attack,Attack,Attack
2026-07-08 00:07:15,Attack,Attack,Attack,Attack
2026-07-08 00:07:15,Attack,Attack,Normal,Attack
2026-07-08 00:07:15,Attack,Attack,Attack,Attack
2026-07-08 00:07:15,Attack,Attack,Normal,Attack
2026-07-08 00:07:15,Attack,Attack,Attack,Attack
2026-07-08 00:07:15,Normal,Attack,Normal,Normal
2026-07-08 00:07:15,Attack,Attack,Normal,Attack
2026-07-08 00:07:15,Normal,Attack,Attack,Attack
2026-07-08 00:07:15,Attack,Attack,Attack,Attack
2026-07-08 00:07:15,Normal,Attack,Normal,Normal
2026-07-08 00:07:15,Attack,Attack,Attack,Attack
2026-07-08 00:07:15,Attack,Attack,Attack,Attack
2026-07-08 00:07:15,Attack,Attack,Attack,Attack
2026-07-08 00:07:15,Attack,Attack,Attack,Attack
2026-07-08 00:07:15,Attack,Attack,Attack,Attack
2026-07-08 00:07:15,Attack,Attack,Attack,Attack
2026-07-08 00:07:15,Normal,Attack,Normal,Normal
2026-07-08 00:07:15,Normal,Attack,Normal,Normal
2026-07-08 00:07:15,Attack,Attack,Normal,Attack
2026-07-08 00:07:15,Normal,Normal,Normal,Normal
2026-07-08 00:07:15,Attack,Attack,Attack,Attack
2026-07-08 00:07:15,Attack,Attack,Normal,Attack
2026-07-08 00:07:15,Attack,Attack,Attack,Attack
2026-07-08 00:07:15,Attack,Attack,Attack,Attack
2026-07-08 00:07:15,Attack,Attack,Normal,Attack
2026-07-08 00:07:15,Attack,Attack,Attack,Attack
2026-07-08 00:07:15,Normal,Attack,Normal,Normal
2026-07-08 00:07:15,Normal,Attack,Normal,Normal
2026-07-08 00:07:15,Attack,Attack,Attack,Attack
2026-07-08 00:07:15,Attack,Attack,Attack,Attack
2026-07-08 00:07:15,Attack,Attack,Normal,Attack
2026-07-08 00:07:15,Attack,Normal,Normal,Normal
2026-07-08 00:07:15,Attack,Attack,Normal,Attack
2026-07-08 00:07:15,Attack,Attack,Attack,Attack
2026-07-08 00:07:15,Normal,Normal,Attack,Normal
2026-07-08 00:07:15,Attack,Attack,Normal,Attack
2026-07-08 00:07:15,Attack,Attack,Normal,Attack
2026-07-08 00:07:15,Attack,Attack,Normal,Attack
2026-07-08 00:07:15,Attack,Attack,Attack,Attack
2026-07-08 00:07:15,Attack,Attack,Attack,Attack
2026-07-08 00:07:15,Attack,Attack,Attack,Attack
2026-07-08 00:07:15,Normal,Normal,Normal,Normal
2026-07-08 00:07:15,Normal,Attack,Normal,Normal
2026-07-08 00:07:15,Normal,Attack,Attack,Attack
2026-07-08 00:07:15,Normal,Normal,Normal,Normal
2026-07-08 00:07:15,Attack,Attack,Normal,Attack
2026-07-08 00:07:15,Attack,Attack,Attack,Attack
2026-07-08 00:07:15,Attack,Attack,Attack,Attack
2026-07-08 00:07:15,Attack,Attack,Normal,Attack
2026-07-08 00:07:15,Attack,Normal,Attack,Attack
2026-07-08 00:07:15,Attack,Attack,Normal,Attack
2026-07-08 00:07:15,Attack,Attack,Attack,Attack
2026-07-08 00:07:15,Normal,Normal,Normal,Normal
2026-07-08 00:07:15,Attack,Attack,Attack,Attack
2026-07-08 00:07:15,Attack,Attack,Attack,Attack
2026-07-08 00:07:15,Attack,Attack,Attack,Attack
2026-07-08 00:07:15,Attack,Attack,Attack,Attack
2026-07-08 00:07:15,Normal,Normal,Normal,Normal
2026-07-08 00:07:15,Normal,Normal,Normal,Normal
2026-07-08 00:07:15,Normal,Normal,Attack,Normal
2026-07-08 00:07:15,Attack,Attack,Attack,Attack
2026-07-08 00:07:15,Attack,Attack,Normal,Attack
2026-07-08 00:07:15,Attack,Attack,Attack,Attack
2026-07-08 00:07:15,Attack,Attack,Attack,Attack
2026-07-08 00:07:15,Attack,Attack,Normal,Attack
2026-07-08 00:07:15,Normal,Attack,Normal,Normal
2026-07-08 00:07:15,Attack,Attack,Attack,Attack
2026-07-08 00:07:15,Normal,Attack,Attack,Attack
2026-07-08 00:07:15,Attack,Attack,Attack,Attack
2026-07-08 00:07:15,Normal,Attack,Normal,Normal
2026-07-08 00:07:15,Normal,Attack,Normal,Normal
2026-07-08 00:07:15,Attack,Attack,Attack,Attack
2026-07-08 00:07:15,Normal,Attack,Normal,Normal
2026-07-08 00:07:15,Attack,Attack,Attack,Attack
2026-07-08 00:07:15,Attack,Attack,Attack,Attack
2026-07-08 00:07:15,Attack,Attack,Attack,Attack
2026-07-08 00:07:15,Attack,Attack,Attack,Attack
2026-07-08 00:07:15,Attack,Attack,Attack,Attack
2026-07-08 00:07:15,Attack,Attack,Attack,Attack
2026-07-08 00:07:15,Normal,Attack,Normal,Normal
2026-07-08 00:07:15,Normal,Attack,Normal,Normal
2026-07-08 00:07:15,Attack,Attack,Normal,Attack
2026-07-08 00:07:15,Attack,Attack,Attack,Attack
2026-07-08 00:07:15,Normal,Normal,Attack,Normal
2026-07-08 00:07:15,Normal,Attack,Normal,Normal
2026-07-08 00:07:15,Attack,Attack,Attack,Attack
2026-07-08 00:07:15,Attack,Attack,Attack,Attack
2026-07-08 00:07:15,Attack,Attack,Normal,Attack
2026-07-08 00:07:15,Attack,Attack,Normal,Attack
2026-07-08 00:07:15,Attack,Attack,Normal,Attack
2026-07-08 00:07:15,Normal,Normal,Normal,Normal
2026-07-08 00:07:15,Attack,Attack,Attack,Attack
2026-07-08 00:07:15,Attack,Attack,Normal,Attack
2026-07-08 00:07:15,Attack,Attack,Attack,Attack
2026-07-08 00:07:15,Attack,Attack,Attack,Attack
2026-07-08 00:07:15,Attack,Attack,Attack,Attack
2026-07-08 00:07:15,Attack,Attack,Normal,Attack
2026-07-08 00:07:15,Attack,Attack,Attack,Attack
2026-07-08 00:07:15,Attack,Attack,Normal,Attack
2026-07-08 00:07:15,Attack,Attack,Attack,Attack
2026-07-08 00:07:15,Attack,Attack,Normal,Attack
2026-07-08 00:07:15,Attack,Attack,Attack,Attack
2026-07-08 00:07:15,Attack,Attack,Attack,Attack
2026-07-08 00:07:15,Attack,Attack,Attack,Attack
2026-07-08 00:07:15,Normal,Attack,Normal,Normal
2026-07-08 00:07:15,Attack,Attack,Normal,Attack
2026-07-08 00:07:15,Normal,Attack,Normal,Normal
2026-07-08 00:07:15,Attack,Attack,Attack,Attack
2026-07-08 00:07:15,Normal,Attack,Attack,Attack
2026-07-08 00:07:15,Attack,Normal,Attack,Attack
2026-07-08 00:07:15,Normal,Attack,Normal,Normal
2026-07-08 00:07:15,Attack,Attack,Attack,Attack
2026-07-08 00:07:15,Attack,Attack,Attack,Attack
2026-07-08 00:07:15,Attack,Attack,Normal,Attack
2026-07-08 00:07:15,Attack,Attack,Attack,Attack
2026-07-08 00:07:15,Normal,Attack,Normal,Normal
2026-07-08 00:07:15,Attack,Attack,Attack,Attack
2026-07-08 00:07:15,Normal,Attack,Attack,Attack
2026-07-08 00:07:15,Attack,Attack,Attack,Attack
2026-07-08 00:07:15,Attack,Attack,Normal,Attack
2026-07-08 00:07:15,Attack,Attack,Attack,Attack
2026-07-08 00:07:15,Normal,Attack,Normal,Normal
2026-07-08 00:07:15,Attack,Attack,Normal,Attack
2026-07-08 00:07:15,Attack,Normal,Attack,Attack
2026-07-08 00:07:15,Attack,Attack,Normal,Attack
2026-07-08 00:07:15,Attack,Attack,Attack,Attack
2026-07-08 00:07:15,Attack,Attack,Normal,Attack
2026-07-08 00:07:15,Attack,Normal,Attack,Attack
2026-07-08 00:07:15,Normal,Normal,Attack,Normal
2026-07-08 00:07:15,Normal,Normal,Normal,Normal
2026-07-08 00:07:15,Normal,Attack,Attack,Attack
2026-07-08 00:07:16,Attack,Normal,Attack,Attack
2026-07-08 00:07:16,Attack,Normal,Normal,Normal
2026-07-08 00:07:16,Attack,Attack,Normal,Attack
2026-07-08 00:07:16,Attack,Attack,Normal,Attack
2026-07-08 00:07:16,Attack,Normal,Attack,Attack
2026-07-08 00:07:16,Attack,Normal,Normal,Normal
2026-07-08 00:07:16,Attack,Attack,Attack,Attack
2026-07-08 00:07:16,Attack,Attack,Attack,Attack
2026-07-08 00:07:16,Attack,Attack,Attack,Attack
2026-07-08 00:07:16,Attack,Attack,Attack,Attack
2026-07-08 00:07:16,Attack,Attack,Attack,Attack
2026-07-08 00:07:16,Normal,Normal,Normal,Normal
2026-07-08 00:07:16,Attack,Attack,Attack,Attack
2026-07-08 00:07:16,Attack,Attack,Attack,Attack
2026-07-08 00:07:16,Attack,Attack,Normal,Attack
2026-07-08 00:07:16,Attack,Attack,Attack,Attack
2026-07-08 00:07:16,Attack,Attack,Attack,Attack
2026-07-08 00:07:16,Normal,Attack,Normal,Normal
2026-07-08 00:07:16,Attack,Attack,Attack,Attack
2026-07-08 00:07:16,Attack,Normal,Attack,Attack
2026-07-08 00:07:16,Normal,Attack,Normal,Normal
2026-07-08 00:07:16,Attack,Attack,Normal,Attack
2026-07-08 00:07:16,Attack,Attack,Attack,Attack
2026-07-08 00:07:16,Normal,Attack,Normal,Normal
2026-07-08 00:07:16,Attack,Attack,Attack,Attack
2026-07-08 00:07:16,Attack,Normal,Normal,Normal
2026-07-08 00:07:16,Attack,Normal,Normal,Normal
2026-07-08 00:07:16,Attack,Attack,Normal,Attack
2026-07-08 00:07:16,Attack,Attack,Attack,Attack
2026-07-08 00:07:16,Attack,Attack,Attack,Attack
2026-07-08 00:07:16,Normal,Normal,Normal,Normal
2026-07-08 00:07:16,Normal,Normal,Normal,Normal
2026-07-08 00:07:16,Attack,Attack,Normal,Attack
2026-07-08 00:07:16,Attack,Attack,Attack,Attack
2026-07-08 00:07:16,Attack,Attack,Normal,Attack
2026-07-08 00:07:16,Normal,Normal,Attack,Normal
2026-07-08 00:07:16,Attack,Attack,Attack,Attack
2026-07-08 00:07:16,Attack,Normal,Attack,Attack
2026-07-08 00:07:16,Attack,Attack,Normal,Attack
2026-07-08 00:07:16,Attack,Attack,Attack,Attack
2026-07-08 00:07:16,Normal,Attack,Normal,Normal
2026-07-08 00:07:16,Attack,Attack,Attack,Attack
2026-07-08 00:07:16,Attack,Attack,Attack,Attack
2026-07-08 00:07:16,Attack,Attack,Normal,Attack
2026-07-08 00:07:16,Attack,Attack,Attack,Attack
2026-07-08 00:07:16,Attack,Attack,Normal,Attack
2026-07-08 00:07:16,Attack,Attack,Normal,Attack
2026-07-08 00:07:16,Attack,Attack,Attack,Attack
2026-07-08 00:07:16,Attack,Attack,Normal,Attack
2026-07-08 00:07:16,Attack,Attack,Normal,Attack
2026-07-08 00:07:16,Attack,Attack,Normal,Attack
2026-07-08 00:07:16,Attack,Attack,Normal,Attack
2026-07-08 00:07:16,Normal,Normal,Attack,Normal
2026-07-08 00:07:16,Normal,Attack,Normal,Normal
2026-07-08 00:07:16,Normal,Attack,Attack,Attack
2026-07-08 00:07:16,Normal,Normal,Normal,Normal
2026-07-08 00:07:16,Attack,Attack,Attack,Attack
2026-07-08 00:07:16,Attack,Attack,Normal,Attack
2026-07-08 00:07:16,Attack,Attack,Attack,Attack
2026-07-08 00:07:16,Attack,Normal,Attack,Attack
2026-07-08 00:07:16,Attack,Normal,Normal,Normal
2026-07-08 00:07:16,Attack,Attack,Normal,Attack
2026-07-08 00:07:16,Normal,Attack,Normal,Normal
2026-07-08 00:07:16,Attack,Attack,Attack,Attack
2026-07-08 00:07:16,Attack,Attack,Attack,Attack
2026-07-08 00:07:16,Normal,Attack,Normal,Normal
2026-07-08 00:07:16,Attack,Attack,Normal,Attack
2026-07-08 00:07:16,Attack,Attack,Normal,Attack
2026-07-08 00:07:16,Attack,Attack,Attack,Attack
2026-07-08 00:07:16,Attack,Attack,Normal,Attack
2026-07-08 00:07:16,Normal,Attack,Normal,Normal
2026-07-08 00:07:16,Normal,Attack,Normal,Normal
2026-07-08 00:07:16,Normal,Attack,Attack,Attack
2026-07-08 00:07:16,Attack,Attack,Attack,Attack
2026-07-08 00:07:16,Attack,Attack,Normal,Attack
2026-07-08 00:07:16,Attack,Attack,Attack,Attack
2026-07-08 00:07:16,Attack,Attack,Attack,Attack
2026-07-08 00:07:16,Attack,Attack,Normal,Attack
2026-07-08 00:07:16,Normal,Attack,Attack,Attack
2026-07-08 00:07:16,Normal,Normal,Normal,Normal
2026-07-08 00:07:16,Attack,Attack,Attack,Attack
2026-07-08 00:07:16,Attack,Attack,Attack,Attack
2026-07-08 00:07:16,Attack,Attack,Normal,Attack
2026-07-08 00:07:16,Attack,Normal,Attack,Attack
2026-07-08 00:07:16,Normal,Attack,Normal,Normal
2026-07-08 00:07:16,Attack,Normal,Attack,Attack
2026-07-08 00:07:17,Attack,Attack,Attack,Attack
2026-07-08 00:07:17,Attack,Attack,Normal,Attack
2026-07-08 00:07:17,Normal,Normal,Normal,Normal
2026-07-08 00:07:17,Attack,Attack,Attack,Attack
2026-07-08 00:07:17,Attack,Normal,Normal,Normal
2026-07-08 00:07:17,Attack,Attack,Attack,Attack
2026-07-08 00:07:17,Attack,Attack,Attack,Attack
2026-07-08 00:07:17,Attack,Attack,Normal,Attack
2026-07-08 00:07:17,Attack,Normal,Normal,Normal
2026-07-08 00:07:17,Attack,Attack,Normal,Attack
2026-07-08 00:07:17,Attack,Attack,Attack,Attack
2026-07-08 00:07:17,Attack,Attack,Attack,Attack
2026-07-08 00:07:17,Attack,Attack,Attack,Attack
2026-07-08 00:07:17,Attack,Attack,Attack,Attack
2026-07-08 00:07:17,Attack,Attack,Normal,Attack
2026-07-08 00:07:17,Attack,Attack,Attack,Attack
2026-07-08 00:07:17,Normal,Attack,Normal,Normal
2026-07-08 00:07:17,Attack,Attack,Normal,Attack
2026-07-08 00:07:17,Attack,Attack,Attack,Attack
2026-07-08 00:07:17,Attack,Attack,Attack,Attack
2026-07-08 00:07:17,Attack,Attack,Attack,Attack
2026-07-08 00:07:17,Attack,Attack,Attack,Attack
2026-07-08 00:07:17,Attack,Attack,Attack,Attack
2026-07-08 00:07:17,Attack,Attack,Normal,Attack
2026-07-08 00:11:04,Attack,Attack,Normal,Attack
2026-07-08 00:11:04,Attack,Attack,Attack,Attack
2026-07-08 00:11:04,Attack,Attack,Normal,Attack
2026-07-08 00:11:04,Attack,Attack,Normal,Attack
2026-07-08 00:11:04,Attack,Attack,Normal,Attack
2026-07-08 00:11:04,Normal,Normal,Attack,Normal
2026-07-08 00:11:04,Attack,Attack,Normal,Attack
2026-07-08 00:11:04,Normal,Attack,Normal,Normal
2026-07-08 00:11:04,Attack,Normal,Attack,Attack
2026-07-08 00:11:04,Attack,Attack,Normal,Attack
2026-07-08 00:11:04,Attack,Normal,Attack,Attack
2026-07-08 00:11:04,Attack,Attack,Attack,Attack
2026-07-08 00:11:04,Attack,Attack,Attack,Attack
2026-07-08 00:11:04,Normal,Attack,Attack,Attack
2026-07-08 00:11:04,Attack,Normal,Normal,Normal
2026-07-08 00:11:04,Attack,Attack,Attack,Attack
2026-07-08 00:11:04,Attack,Attack,Attack,Attack
2026-07-08 00:11:04,Attack,Attack,Attack,Attack
2026-07-08 00:11:04,Attack,Attack,Normal,Attack
2026-07-08 00:11:04,Attack,Attack,Normal,Attack
2026-07-08 00:11:04,Attack,Attack,Attack,Attack
2026-07-08 00:11:04,Normal,Normal,Normal,Normal
2026-07-08 00:11:04,Attack,Attack,Normal,Attack
2026-07-08 00:11:04,Attack,Attack,Attack,Attack
2026-07-08 00:11:04,Attack,Attack,Normal,Attack
2026-07-08 00:11:04,Attack,Attack,Attack,Attack
2026-07-08 00:11:04,Attack,Attack,Attack,Attack
2026-07-08 00:11:04,Attack,Attack,Attack,Attack
2026-07-08 00:11:04,Normal,Attack,Attack,Attack
2026-07-08 00:11:04,Normal,Normal,Normal,Normal
2026-07-08 00:11:04,Attack,Attack,Attack,Attack
2026-07-08 00:11:04,Attack,Attack,Normal,Attack
2026-07-08 00:11:04,Attack,Attack,Attack,Attack
2026-07-08 00:11:04,Attack,Attack,Attack,Attack
2026-07-08 00:11:04,Attack,Attack,Attack,Attack
2026-07-08 00:11:04,Attack,Attack,Normal,Attack
2026-07-08 00:11:04,Attack,Attack,Attack,Attack
2026-07-08 00:11:04,Normal,Attack,Normal,Normal
2026-07-08 00:11:04,Attack,Attack,Attack,Attack
2026-07-08 00:11:04,Normal,Attack,Attack,Attack
2026-07-08 00:11:04,Attack,Attack,Normal,Attack
2026-07-08 00:11:04,Normal,Attack,Normal,Normal
2026-07-08 00:11:04,Attack,Attack,Attack,Attack
2026-07-08 00:11:04,Normal,Normal,Attack,Normal
2026-07-08 00:11:04,Normal,Attack,Normal,Normal
2026-07-08 00:11:04,Attack,Attack,Normal,Attack
2026-07-08 00:11:04,Attack,Attack,Attack,Attack
2026-07-08 00:11:04,Attack,Attack,Attack,Attack
2026-07-08 00:11:04,Normal,Attack,Normal,Normal
2026-07-08 00:11:04,Attack,Attack,Attack,Attack
2026-07-08 00:11:04,Attack,Attack,Attack,Attack
2026-07-08 00:11:04,Normal,Normal,Normal,Normal
2026-07-08 00:11:04,Attack,Attack,Attack,Attack
2026-07-08 00:11:04,Attack,Normal,Normal,Normal
2026-07-08 00:11:04,Normal,Attack,Normal,Normal
2026-07-08 00:11:04,Attack,Attack,Attack,Attack
2026-07-08 00:11:04,Attack,Attack,Attack,Attack
2026-07-08 00:11:04,Attack,Attack,Normal,Attack
2026-07-08 00:11:04,Attack,Attack,Normal,Attack
2026-07-08 00:11:04,Attack,Attack,Attack,Attack
2026-07-08 00:11:04,Attack,Attack,Attack,Attack
2026-07-08 00:11:04,Normal,Attack,Normal,Normal
2026-07-08 00:11:04,Normal,Attack,Attack,Attack
2026-07-08 00:11:04,Attack,Attack,Attack,Attack
2026-07-08 00:11:04,Attack,Attack,Attack,Attack
2026-07-08 00:11:04,Attack,Normal,Attack,Attack
2026-07-08 00:11:04,Normal,Attack,Attack,Attack
2026-07-08 00:11:04,Normal,Attack,Normal,Normal
2026-07-08 00:11:04,Attack,Attack,Attack,Attack
2026-07-08 00:11:04,Attack,Attack,Attack,Attack
2026-07-08 00:11:04,Attack,Attack,Attack,Attack
2026-07-08 00:11:04,Normal,Attack,Normal,Normal
2026-07-08 00:11:04,Attack,Attack,Attack,Attack
2026-07-08 00:11:04,Attack,Attack,Normal,Attack
2026-07-08 00:11:04,Attack,Attack,Attack,Attack
2026-07-08 00:11:04,Attack,Attack,Attack,Attack
2026-07-08 00:11:04,Attack,Attack,Normal,Attack
2026-07-08 00:11:04,Attack,Attack,Normal,Attack
2026-07-08 00:11:04,Attack,Attack,Attack,Attack
2026-07-08 00:11:04,Normal,Attack,Normal,Normal
2026-07-08 00:11:04,Attack,Attack,Attack,Attack
2026-07-08 00:11:04,Attack,Attack,Normal,Attack
2026-07-08 00:11:04,Attack,Attack,Attack,Attack
2026-07-08 00:11:04,Attack,Attack,Normal,Attack
2026-07-08 00:11:04,Attack,Attack,Normal,Attack
2026-07-08 00:11:04,Attack,Attack,Attack,Attack
2026-07-08 00:11:04,Attack,Attack,Attack,Attack
2026-07-08 00:11:04,Attack,Attack,Attack,Attack
2026-07-08 00:11:04,Normal,Attack,Attack,Attack
2026-07-08 00:11:04,Attack,Normal,Normal,Normal
2026-07-08 00:11:04,Normal,Normal,Normal,Normal
2026-07-08 00:11:04,Attack,Attack,Attack,Attack
2026-07-08 00:11:04,Attack,Normal,Normal,Normal
2026-07-08 00:11:04,Attack,Attack,Attack,Attack
2026-07-08 00:11:04,Attack,Attack,Attack,Attack
2026-07-08 00:11:04,Normal,Attack,Normal,Normal
2026-07-08 00:11:04,Attack,Attack,Attack,Attack
2026-07-08 00:11:04,Normal,Attack,Normal,Normal
2026-07-08 00:11:04,Attack,Attack,Attack,Attack
2026-07-08 00:11:04,Normal,Normal,Normal,Normal
2026-07-08 00:11:04,Attack,Attack,Normal,Attack
2026-07-08 00:11:04,Normal,Attack,Normal,Normal
2026-07-08 00:11:04,Attack,Attack,Attack,Attack
2026-07-08 00:11:04,Attack,Attack,Normal,Attack
2026-07-08 00:11:04,Attack,Normal,Normal,Normal
2026-07-08 00:11:04,Attack,Attack,Attack,Attack
2026-07-08 00:11:04,Attack,Attack,Attack,Attack
2026-07-08 00:11:04,Attack,Attack,Attack,Attack
2026-07-08 00:11:04,Attack,Attack,Normal,Attack
2026-07-08 00:11:04,Attack,Attack,Normal,Attack
2026-07-08 00:11:04,Attack,Normal,Attack,Attack
2026-07-08 00:11:04,Attack,Attack,Attack,Attack
2026-07-08 00:11:04,Normal,Normal,Normal,Normal
2026-07-08 00:11:04,Normal,Normal,Attack,Normal
2026-07-08 00:11:04,Attack,Attack,Attack,Attack
2026-07-08 00:11:04,Attack,Attack,Attack,Attack
2026-07-08 00:11:04,Attack,Normal,Attack,Attack
2026-07-08 00:11:04,Attack,Normal,Attack,Attack
2026-07-08 00:11:04,Attack,Attack,Normal,Attack
2026-07-08 00:11:04,Attack,Attack,Attack,Attack
2026-07-08 00:11:04,Attack,Attack,Normal,Attack
2026-07-08 00:11:04,Normal,Normal,Attack,Normal
2026-07-08 00:11:04,Normal,Normal,Attack,Normal
2026-07-08 00:11:04,Attack,Attack,Attack,Attack
2026-07-08 00:11:04,Normal,Attack,Attack,Attack
2026-07-08 00:11:04,Attack,Attack,Attack,Attack
2026-07-08 00:11:04,Attack,Attack,Normal,Attack
2026-07-08 00:11:04,Attack,Attack,Attack,Attack
2026-07-08 00:11:04,Normal,Attack,Normal,Normal
2026-07-08 00:11:04,Attack,Normal,Normal,Normal
2026-07-08 00:11:04,Attack,Attack,Attack,Attack
2026-07-08 00:11:04,Attack,Attack,Normal,Attack
2026-07-08 00:11:04,Normal,Attack,Normal,Normal
2026-07-08 00:11:04,Attack,Normal,Attack,Attack
2026-07-08 00:11:04,Attack,Attack,Attack,Attack
2026-07-08 00:11:04,Normal,Attack,Normal,Normal
2026-07-08 00:11:04,Attack,Attack,Normal,Attack
2026-07-08 00:11:04,Normal,Attack,Normal,Normal
2026-07-08 00:11:04,Attack,Attack,Attack,Attack
2026-07-08 00:11:05,Normal,Attack,Normal,Normal
2026-07-08 00:11:05,Attack,Attack,Normal,Attack
2026-07-08 00:11:05,Attack,Attack,Normal,Attack
2026-07-08 00:11:05,Attack,Attack,Attack,Attack
2026-07-08 00:11:05,Attack,Attack,Normal,Attack
2026-07-08 00:11:05,Attack,Attack,Normal,Attack
2026-07-08 00:11:05,Normal,Attack,Normal,Normal
2026-07-08 00:11:05,Attack,Attack,Attack,Attack
2026-07-08 00:11:05,Attack,Attack,Normal,Attack
2026-07-08 00:11:05,Attack,Attack,Normal,Attack
2026-07-08 00:11:05,Normal,Attack,Normal,Normal
2026-07-08 00:11:05,Normal,Attack,Attack,Attack
2026-07-08 00:11:05,Attack,Attack,Normal,Attack
2026-07-08 00:11:05,Attack,Attack,Attack,Attack
2026-07-08 00:11:05,Normal,Normal,Normal,Normal
2026-07-08 00:11:05,Attack,Attack,Attack,Attack
2026-07-08 00:11:05,Attack,Attack,Normal,Attack
2026-07-08 00:11:05,Normal,Attack,Attack,Attack
2026-07-08 00:11:05,Attack,Normal,Normal,Normal
2026-07-08 00:11:05,Normal,Normal,Attack,Normal
2026-07-08 00:11:05,Attack,Attack,Attack,Attack
2026-07-08 00:11:05,Attack,Attack,Attack,Attack
2026-07-08 00:11:05,Attack,Attack,Normal,Attack
2026-07-08 00:11:05,Attack,Attack,Attack,Attack
2026-07-08 00:11:05,Normal,Attack,Attack,Attack
2026-07-08 00:11:05,Attack,Attack,Attack,Attack
2026-07-08 00:11:05,Attack,Attack,Attack,Attack
2026-07-08 00:11:05,Attack,Attack,Normal,Attack
2026-07-08 00:11:05,Attack,Attack,Attack,Attack
2026-07-08 00:11:05,Normal,Attack,Attack,Attack
2026-07-08 00:11:05,Attack,Attack,Attack,Attack
2026-07-08 00:11:05,Attack,Attack,Attack,Attack
2026-07-08 00:11:05,Attack,Normal,Normal,Normal
2026-07-08 00:11:05,Attack,Attack,Normal,Attack
2026-07-08 00:11:05,Normal,Attack,Normal,Normal
2026-07-08 00:11:05,Attack,Attack,Normal,Attack
2026-07-08 00:11:05,Attack,Normal,Normal,Normal
2026-07-08 00:11:05,Attack,Attack,Normal,Attack
2026-07-08 00:11:05,Attack,Attack,Attack,Attack
2026-07-08 00:11:05,Attack,Normal,Normal,Normal
2026-07-08 00:11:05,Attack,Attack,Normal,Attack
2026-07-08 00:11:05,Attack,Attack,Normal,Attack
2026-07-08 00:11:05,Attack,Attack,Attack,Attack
2026-07-08 00:11:05,Attack,Attack,Attack,Attack
2026-07-08 00:11:05,Attack,Attack,Attack,Attack
2026-07-08 00:11:05,Attack,Attack,Attack,Attack
2026-07-08 00:11:05,Attack,Attack,Normal,Attack
2026-07-08 00:11:05,Normal,Attack,Attack,Attack
2026-07-08 00:11:05,Attack,Attack,Normal,Attack
2026-07-08 00:11:05,Attack,Normal,Normal,Normal
2026-07-08 00:11:05,Attack,Attack,Attack,Attack
2026-07-08 00:11:05,Normal,Attack,Attack,Attack
2026-07-08 00:11:05,Attack,Attack,Normal,Attack
2026-07-08 00:11:05,Attack,Attack,Attack,Attack
2026-07-08 00:11:05,Attack,Attack,Attack,Attack
2026-07-08 00:11:05,Normal,Attack,Normal,Normal
2026-07-08 00:11:05,Attack,Attack,Attack,Attack
2026-07-08 00:11:05,Attack,Attack,Attack,Attack
2026-07-08 00:11:05,Normal,Attack,Normal,Normal
2026-07-08 00:11:05,Attack,Attack,Attack,Attack
2026-07-08 00:11:05,Attack,Attack,Normal,Attack
2026-07-08 00:11:05,Attack,Attack,Attack,Attack
2026-07-08 00:11:05,Attack,Attack,Attack,Attack
2026-07-08 00:11:05,Attack,Attack,Attack,Attack
2026-07-08 00:11:05,Attack,Attack,Attack,Attack
2026-07-08 00:11:05,Attack,Attack,Attack,Attack
2026-07-08 00:11:05,Attack,Attack,Attack,Attack
2026-07-08 00:11:05,Normal,Attack,Attack,Attack
2026-07-08 00:11:05,Normal,Attack,Attack,Attack
2026-07-08 00:11:05,Attack,Attack,Attack,Attack
2026-07-08 00:11:05,Attack,Attack,Normal,Attack
2026-07-08 00:11:05,Attack,Attack,Attack,Attack
2026-07-08 00:11:05,Attack,Attack,Normal,Attack
2026-07-08 00:11:05,Attack,Attack,Attack,Attack
2026-07-08 00:11:05,Normal,Attack,Normal,Normal
2026-07-08 00:11:05,Attack,Attack,Attack,Attack
2026-07-08 00:11:05,Normal,Normal,Normal,Normal
2026-07-08 00:11:05,Normal,Attack,Attack,Attack
2026-07-08 00:11:05,Normal,Attack,Normal,Normal
2026-07-08 00:11:05,Attack,Attack,Attack,Attack
2026-07-08 00:11:05,Attack,Attack,Attack,Attack
2026-07-08 00:11:05,Attack,Attack,Normal,Attack
2026-07-08 00:11:05,Attack,Attack,Attack,Attack
2026-07-08 00:11:05,Attack,Normal,Attack,Attack
2026-07-08 00:11:05,Attack,Attack,Normal,Attack
2026-07-08 00:11:05,Normal,Attack,Normal,Normal
2026-07-08 00:11:05,Attack,Attack,Attack,Attack
2026-07-08 00:11:05,Normal,Attack,Normal,Normal
2026-07-08 00:11:05,Normal,Attack,Attack,Attack
2026-07-08 00:11:05,Attack,Attack,Normal,Attack
2026-07-08 00:11:05,Attack,Attack,Attack,Attack
2026-07-08 00:11:05,Normal,Attack,Attack,Attack
2026-07-08 00:11:05,Attack,Attack,Attack,Attack
2026-07-08 00:11:05,Normal,Attack,Normal,Normal
2026-07-08 00:11:05,Normal,Normal,Normal,Normal
2026-07-08 00:11:05,Attack,Attack,Normal,Attack
2026-07-08 00:11:05,Attack,Attack,Normal,Attack
2026-07-08 00:11:05,Normal,Attack,Attack,Attack
2026-07-08 00:11:05,Attack,Attack,Normal,Attack
2026-07-08 00:11:05,Attack,Attack,Attack,Attack
2026-07-08 00:11:05,Attack,Attack,Normal,Attack
2026-07-08 00:11:05,Attack,Attack,Attack,Attack
2026-07-08 00:11:05,Normal,Normal,Normal,Normal
2026-07-08 00:11:05,Attack,Attack,Attack,Attack
2026-07-08 00:11:05,Normal,Attack,Attack,Attack
2026-07-08 00:11:05,Attack,Attack,Normal,Attack
2026-07-08 00:11:05,Normal,Attack,Normal,Normal
2026-07-08 00:11:05,Attack,Attack,Normal,Attack
2026-07-08 00:11:05,Attack,Attack,Attack,Attack
2026-07-08 00:11:05,Attack,Attack,Attack,Attack
2026-07-08 00:11:05,Attack,Attack,Normal,Attack
2026-07-08 00:11:05,Normal,Attack,Normal,Normal
2026-07-08 00:11:05,Normal,Attack,Normal,Normal
2026-07-08 00:11:05,Normal,Attack,Normal,Normal
2026-07-08 00:11:05,Normal,Attack,Normal,Normal
2026-07-08 00:11:05,Attack,Normal,Normal,Normal
2026-07-08 00:11:05,Attack,Attack,Attack,Attack
2026-07-08 00:11:05,Attack,Attack,Attack,Attack
2026-07-08 00:11:05,Normal,Attack,Attack,Attack
2026-07-08 00:11:05,Attack,Attack,Attack,Attack
2026-07-08 00:11:05,Normal,Normal,Attack,Normal
2026-07-08 00:11:05,Attack,Attack,Attack,Attack
2026-07-08 00:11:05,Attack,Attack,Attack,Attack
2026-07-08 00:11:05,Attack,Attack,Attack,Attack
2026-07-08 00:11:05,Attack,Normal,Attack,Attack
2026-07-08 00:11:05,Attack,Attack,Attack,Attack
2026-07-08 00:11:05,Attack,Attack,Attack,Attack
2026-07-08 00:11:06,Attack,Attack,Normal,Attack
2026-07-08 00:11:06,Normal,Normal,Attack,Normal
2026-07-08 00:11:06,Attack,Attack,Attack,Attack
2026-07-08 00:11:06,Attack,Attack,Attack,Attack
2026-07-08 00:11:06,Normal,Attack,Normal,Normal
2026-07-08 00:11:06,Attack,Attack,Normal,Attack
2026-07-08 00:11:06,Attack,Attack,Normal,Attack
2026-07-08 00:11:06,Normal,Attack,Normal,Normal
2026-07-08 00:11:06,Attack,Attack,Attack,Attack
2026-07-08 00:11:06,Attack,Attack,Attack,Attack
2026-07-08 00:11:06,Normal,Attack,Normal,Normal
2026-07-08 00:11:06,Attack,Normal,Normal,Normal
2026-07-08 00:11:06,Attack,Attack,Attack,Attack
2026-07-08 00:11:06,Attack,Attack,Attack,Attack
2026-07-08 00:11:06,Normal,Normal,Normal,Normal
2026-07-08 00:11:06,Attack,Normal,Attack,Attack
2026-07-08 00:11:06,Attack,Attack,Attack,Attack
2026-07-08 00:11:06,Attack,Attack,Normal,Attack
2026-07-08 00:11:06,Attack,Attack,Attack,Attack
2026-07-08 00:11:06,Normal,Attack,Normal,Normal
2026-07-08 00:11:06,Attack,Attack,Attack,Attack
2026-07-08 00:11:06,Attack,Attack,Normal,Attack
2026-07-08 00:11:06,Normal,Attack,Attack,Attack
2026-07-08 00:11:06,Attack,Attack,Attack,Attack
2026-07-08 00:11:06,Normal,Normal,Attack,Normal
2026-07-08 00:11:06,Attack,Attack,Normal,Attack
2026-07-08 00:11:06,Attack,Attack,Normal,Attack
2026-07-08 00:11:06,Attack,Attack,Normal,Attack
2026-07-08 00:11:06,Normal,Attack,Normal,Normal
2026-07-08 00:11:06,Attack,Attack,Normal,Attack
2026-07-08 00:11:06,Normal,Attack,Normal,Normal
2026-07-08 00:11:06,Attack,Attack,Normal,Attack
2026-07-08 00:11:06,Normal,Attack,Attack,Attack
2026-07-08 00:11:06,Attack,Normal,Normal,Normal
2026-07-08 00:11:06,Attack,Attack,Attack,Attack
2026-07-08 00:11:06,Attack,Attack,Attack,Attack
2026-07-08 00:11:06,Attack,Attack,Attack,Attack
2026-07-08 00:11:06,Attack,Attack,Normal,Attack
2026-07-08 00:11:06,Attack,Attack,Attack,Attack
2026-07-08 00:11:06,Attack,Attack,Normal,Attack
2026-07-08 00:11:06,Attack,Attack,Attack,Attack
2026-07-08 00:11:06,Attack,Attack,Attack,Attack
2026-07-08 00:11:06,Normal,Normal,Attack,Normal
2026-07-08 00:11:06,Normal,Normal,Normal,Normal
2026-07-08 00:11:06,Attack,Attack,Attack,Attack
2026-07-08 00:11:06,Normal,Normal,Normal,Normal
2026-07-08 00:11:06,Normal,Attack,Normal,Normal
2026-07-08 00:11:06,Attack,Attack,Normal,Attack
2026-07-08 00:11:06,Normal,Attack,Normal,Normal
2026-07-08 00:11:06,Attack,Attack,Attack,Attack
2026-07-08 00:11:06,Attack,Attack,Normal,Attack
2026-07-08 00:11:06,Attack,Normal,Normal,Normal
2026-07-08 00:11:06,Attack,Attack,Normal,Attack
2026-07-08 00:11:06,Normal,Normal,Normal,Normal
2026-07-08 00:11:06,Attack,Normal,Attack,Attack
2026-07-08 00:11:06,Normal,Normal,Attack,Normal
2026-07-08 00:11:06,Normal,Attack,Normal,Normal
2026-07-08 00:11:06,Attack,Attack,Attack,Attack
2026-07-08 00:11:06,Normal,Attack,Attack,Attack
2026-07-08 00:11:06,Attack,Attack,Normal,Attack
2026-07-08 00:11:06,Attack,Attack,Attack,Attack
2026-07-08 00:11:06,Attack,Attack,Attack,Attack
2026-07-08 00:11:06,Attack,Attack,Normal,Attack
2026-07-08 00:11:06,Normal,Attack,Attack,Attack
2026-07-08 00:11:06,Attack,Attack,Attack,Attack
2026-07-08 00:11:06,Attack,Attack,Attack,Attack
2026-07-08 00:11:06,Normal,Attack,Normal,Normal
2026-07-08 00:11:06,Attack,Attack,Normal,Attack
2026-07-08 00:11:06,Attack,Attack,Attack,Attack
2026-07-08 00:11:06,Attack,Attack,Normal,Attack
2026-07-08 00:11:06,Attack,Normal,Attack,Attack
2026-07-08 00:11:06,Attack,Normal,Normal,Normal
2026-07-08 00:11:06,Attack,Attack,Attack,Attack
2026-07-08 00:11:06,Attack,Attack,Attack,Attack
2026-07-08 00:11:06,Attack,Normal,Attack,Attack
2026-07-08 00:11:06,Attack,Attack,Normal,Attack
2026-07-08 00:11:06,Normal,Attack,Normal,Normal
2026-07-08 00:11:06,Normal,Attack,Normal,Normal
2026-07-08 00:11:06,Normal,Attack,Normal,Normal
2026-07-08 00:11:06,Attack,Attack,Attack,Attack
2026-07-08 00:11:06,Attack,Attack,Normal,Attack
2026-07-08 00:11:06,Normal,Attack,Normal,Normal
2026-07-08 00:11:06,Attack,Attack,Normal,Attack
2026-07-08 00:11:06,Attack,Attack,Attack,Attack
2026-07-08 00:11:06,Attack,Attack,Attack,Attack
2026-07-08 00:11:06,Attack,Attack,Normal,Attack
2026-07-08 00:11:06,Attack,Attack,Attack,Attack
2026-07-08 00:11:06,Normal,Attack,Normal,Normal
2026-07-08 00:11:06,Attack,Attack,Attack,Attack
2026-07-08 00:11:06,Attack,Attack,Normal,Attack
2026-07-08 00:11:06,Attack,Attack,Attack,Attack
2026-07-08 00:11:06,Attack,Attack,Attack,Attack
2026-07-08 00:11:06,Normal,Normal,Normal,Normal
2026-07-08 00:11:06,Attack,Attack,Attack,Attack
2026-07-08 00:11:06,Attack,Attack,Attack,Attack
2026-07-08 00:11:06,Normal,Normal,Normal,Normal
2026-07-08 00:11:06,Attack,Normal,Attack,Attack
2026-07-08 00:11:06,Attack,Attack,Attack,Attack
2026-07-08 00:11:06,Attack,Attack,Attack,Attack
2026-07-08 00:11:06,Attack,Normal,Normal,Normal
2026-07-08 00:11:06,Attack,Attack,Normal,Attack
2026-07-08 00:11:06,Attack,Attack,Attack,Attack
2026-07-08 00:11:06,Attack,Attack,Attack,Attack
2026-07-08 00:11:06,Normal,Attack,Attack,Attack
2026-07-08 00:11:06,Attack,Attack,Attack,Attack
2026-07-08 00:11:06,Attack,Attack,Attack,Attack
2026-07-08 00:11:06,Attack,Attack,Attack,Attack
2026-07-08 00:11:06,Normal,Normal,Attack,Normal
2026-07-08 00:11:06,Normal,Attack,Attack,Attack
2026-07-08 00:11:06,Normal,Attack,Normal,Normal
2026-07-08 00:11:06,Attack,Attack,Normal,Attack
2026-07-08 00:11:06,Attack,Attack,Normal,Attack
2026-07-08 00:11:06,Attack,Attack,Attack,Attack
2026-07-08 00:11:06,Attack,Attack,Attack,Attack
2026-07-08 00:11:06,Normal,Attack,Normal,Normal
2026-07-08 00:11:06,Normal,Attack,Normal,Normal
2026-07-08 00:11:06,Normal,Attack,Normal,Normal
2026-07-08 00:11:06,Attack,Attack,Attack,Attack
2026-07-08 00:11:06,Attack,Attack,Attack,Attack
2026-07-08 00:11:06,Attack,Attack,Attack,Attack
2026-07-08 00:11:06,Attack,Attack,Normal,Attack
2026-07-08 00:11:06,Normal,Attack,Normal,Normal
2026-07-08 00:11:06,Attack,Normal,Normal,Normal
2026-07-08 00:11:06,Attack,Attack,Attack,Attack
2026-07-08 00:11:06,Attack,Normal,Attack,Attack
2026-07-08 00:11:06,Normal,Attack,Normal,Normal
2026-07-08 00:11:06,Normal,Normal,Attack,Normal
2026-07-08 00:11:06,Attack,Attack,Attack,Attack
2026-07-08 00:11:06,Attack,Attack,Normal,Attack
2026-07-08 00:11:06,Attack,Attack,Normal,Attack
2026-07-08 00:11:06,Attack,Attack,Attack,Attack
2026-07-08 00:11:06,Attack,Attack,Normal,Attack
2026-07-08 00:11:06,Normal,Attack,Normal,Normal
2026-07-08 00:11:06,Attack,Attack,Attack,Attack
2026-07-08 00:11:06,Normal,Normal,Normal,Normal
2026-07-08 00:11:06,Normal,Attack,Attack,Attack
2026-07-08 00:11:06,Attack,Attack,Attack,Attack
2026-07-08 00:11:06,Normal,Attack,Attack,Attack
2026-07-08 00:11:07,Attack,Attack,Attack,Attack
2026-07-08 00:11:07,Attack,Attack,Attack,Attack
2026-07-08 00:11:07,Attack,Attack,Normal,Attack
2026-07-08 00:11:07,Attack,Attack,Attack,Attack
2026-07-08 00:11:07,Attack,Attack,Attack,Attack
2026-07-08 00:11:07,Attack,Attack,Normal,Attack
2026-07-08 00:11:07,Attack,Attack,Attack,Attack
2026-07-08 00:11:07,Attack,Attack,Attack,Attack
2026-07-08 00:11:07,Normal,Attack,Attack,Attack
2026-07-08 00:11:07,Attack,Attack,Normal,Attack
2026-07-08 00:11:07,Attack,Attack,Attack,Attack
2026-07-08 00:11:07,Attack,Attack,Normal,Attack
2026-07-08 00:11:07,Normal,Normal,Normal,Normal
2026-07-08 00:11:07,Attack,Attack,Attack,Attack
2026-07-08 00:11:07,Attack,Attack,Attack,Attack
2026-07-08 00:11:07,Attack,Attack,Normal,Attack
2026-07-08 00:11:07,Normal,Normal,Attack,Normal
2026-07-08 00:11:07,Attack,Normal,Normal,Normal
2026-07-08 00:11:07,Attack,Normal,Normal,Normal
2026-07-08 00:11:07,Attack,Normal,Attack,Attack
2026-07-08 00:11:07,Attack,Attack,Attack,Attack
2026-07-08 00:11:07,Attack,Attack,Attack,Attack
2026-07-08 00:11:07,Attack,Attack,Normal,Attack
2026-07-08 00:11:07,Normal,Normal,Normal,Normal
2026-07-08 00:11:07,Attack,Attack,Attack,Attack
2026-07-08 00:11:07,Attack,Attack,Attack,Attack
2026-07-08 00:11:07,Attack,Attack,Attack,Attack
2026-07-08 00:11:07,Attack,Attack,Normal,Attack
2026-07-08 00:11:07,Attack,Attack,Attack,Attack
2026-07-08 00:11:07,Attack,Attack,Normal,Attack
2026-07-08 00:11:07,Attack,Attack,Attack,Attack
2026-07-08 00:11:07,Normal,Attack,Normal,Normal
2026-07-08 00:11:07,Attack,Attack,Normal,Attack
2026-07-08 00:11:07,Normal,Attack,Attack,Attack
2026-07-08 00:11:07,Attack,Attack,Attack,Attack
2026-07-08 00:11:07,Normal,Attack,Normal,Normal
2026-07-08 00:11:07,Attack,Attack,Attack,Attack
2026-07-08 00:11:07,Attack,Attack,Attack,Attack
2026-07-08 00:11:07,Attack,Attack,Attack,Attack
2026-07-08 00:11:07,Attack,Attack,Attack,Attack
2026-07-08 00:11:07,Attack,Attack,Attack,Attack
2026-07-08 00:11:07,Attack,Attack,Attack,Attack
2026-07-08 00:11:07,Normal,Attack,Normal,Normal
2026-07-08 00:11:07,Normal,Attack,Normal,Normal
2026-07-08 00:11:07,Attack,Attack,Normal,Attack
2026-07-08 00:11:07,Normal,Normal,Normal,Normal
2026-07-08 00:11:07,Attack,Attack,Attack,Attack
2026-07-08 00:11:07,Attack,Attack,Normal,Attack
2026-07-08 00:11:07,Attack,Attack,Attack,Attack
2026-07-08 00:11:07,Attack,Attack,Attack,Attack
2026-07-08 00:11:07,Attack,Attack,Normal,Attack
2026-07-08 00:11:07,Attack,Attack,Attack,Attack
2026-07-08 00:11:07,Normal,Attack,Normal,Normal
2026-07-08 00:11:07,Normal,Attack,Normal,Normal
2026-07-08 00:11:07,Attack,Attack,Attack,Attack
2026-07-08 00:11:07,Attack,Attack,Attack,Attack
2026-07-08 00:11:07,Attack,Attack,Normal,Attack
2026-07-08 00:11:07,Attack,Normal,Normal,Normal
2026-07-08 00:11:07,Attack,Attack,Normal,Attack
2026-07-08 00:11:07,Attack,Attack,Attack,Attack
2026-07-08 00:11:07,Normal,Normal,Attack,Normal
2026-07-08 00:11:07,Attack,Attack,Normal,Attack
2026-07-08 00:11:07,Attack,Attack,Normal,Attack
2026-07-08 00:11:07,Attack,Attack,Normal,Attack
2026-07-08 00:11:07,Attack,Attack,Attack,Attack
2026-07-08 00:11:07,Attack,Attack,Attack,Attack
2026-07-08 00:11:07,Attack,Attack,Attack,Attack
2026-07-08 00:11:07,Normal,Normal,Normal,Normal
2026-07-08 00:11:07,Normal,Attack,Normal,Normal
2026-07-08 00:11:07,Normal,Attack,Attack,Attack
2026-07-08 00:11:07,Normal,Normal,Normal,Normal
2026-07-08 00:11:07,Attack,Attack,Normal,Attack
2026-07-08 00:11:07,Attack,Attack,Attack,Attack
2026-07-08 00:11:07,Attack,Attack,Attack,Attack
2026-07-08 00:11:07,Attack,Attack,Normal,Attack
2026-07-08 00:11:07,Attack,Normal,Attack,Attack
2026-07-08 00:11:07,Attack,Attack,Normal,Attack
2026-07-08 00:11:07,Attack,Attack,Attack,Attack
2026-07-08 00:11:07,Normal,Normal,Normal,Normal
2026-07-08 00:11:07,Attack,Attack,Attack,Attack
2026-07-08 00:11:07,Attack,Attack,Attack,Attack
2026-07-08 00:11:07,Attack,Attack,Attack,Attack
2026-07-08 00:11:07,Attack,Attack,Attack,Attack
2026-07-08 00:11:07,Normal,Normal,Normal,Normal
2026-07-08 00:11:07,Normal,Normal,Normal,Normal
2026-07-08 00:11:07,Normal,Normal,Attack,Normal
2026-07-08 00:11:07,Attack,Attack,Attack,Attack
2026-07-08 00:11:07,Attack,Attack,Normal,Attack
2026-07-08 00:11:07,Attack,Attack,Attack,Attack
2026-07-08 00:11:07,Attack,Attack,Attack,Attack
2026-07-08 00:11:07,Attack,Attack,Normal,Attack
2026-07-08 00:11:07,Normal,Attack,Normal,Normal
2026-07-08 00:11:07,Attack,Attack,Attack,Attack
2026-07-08 00:11:07,Normal,Attack,Attack,Attack
2026-07-08 00:11:07,Attack,Attack,Attack,Attack
2026-07-08 00:11:07,Normal,Attack,Normal,Normal
2026-07-08 00:11:07,Normal,Attack,Normal,Normal
2026-07-08 00:11:07,Attack,Attack,Attack,Attack
2026-07-08 00:11:07,Normal,Attack,Normal,Normal
2026-07-08 00:11:07,Attack,Attack,Attack,Attack
2026-07-08 00:11:07,Attack,Attack,Attack,Attack
2026-07-08 00:11:07,Attack,Attack,Attack,Attack
2026-07-08 00:11:07,Attack,Attack,Attack,Attack
2026-07-08 00:11:07,Attack,Attack,Attack,Attack
2026-07-08 00:11:07,Attack,Attack,Attack,Attack
2026-07-08 00:11:07,Normal,Attack,Normal,Normal
2026-07-08 00:11:07,Normal,Attack,Normal,Normal
2026-07-08 00:11:07,Attack,Attack,Normal,Attack
2026-07-08 00:11:07,Attack,Attack,Attack,Attack
2026-07-08 00:11:07,Normal,Normal,Attack,Normal
2026-07-08 00:11:07,Normal,Attack,Normal,Normal
2026-07-08 00:11:07,Attack,Attack,Attack,Attack
2026-07-08 00:11:07,Attack,Attack,Attack,Attack
2026-07-08 00:11:07,Attack,Attack,Normal,Attack
2026-07-08 00:11:07,Attack,Attack,Normal,Attack
2026-07-08 00:11:07,Attack,Attack,Normal,Attack
2026-07-08 00:11:07,Normal,Normal,Normal,Normal
2026-07-08 00:11:07,Attack,Attack,Attack,Attack
2026-07-08 00:11:07,Attack,Attack,Normal,Attack
2026-07-08 00:11:07,Attack,Attack,Attack,Attack
2026-07-08 00:11:07,Attack,Attack,Attack,Attack
2026-07-08 00:11:07,Attack,Attack,Attack,Attack
2026-07-08 00:11:07,Attack,Attack,Normal,Attack
2026-07-08 00:11:07,Attack,Attack,Attack,Attack
2026-07-08 00:11:07,Attack,Attack,Normal,Attack
2026-07-08 00:11:07,Attack,Attack,Attack,Attack
2026-07-08 00:11:07,Attack,Attack,Normal,Attack
2026-07-08 00:11:07,Attack,Attack,Attack,Attack
2026-07-08 00:11:07,Attack,Attack,Attack,Attack
2026-07-08 00:11:07,Attack,Attack,Attack,Attack
2026-07-08 00:11:08,Normal,Attack,Normal,Normal
2026-07-08 00:11:08,Attack,Attack,Normal,Attack
2026-07-08 00:11:08,Normal,Attack,Normal,Normal
2026-07-08 00:11:08,Attack,Attack,Attack,Attack
2026-07-08 00:11:08,Normal,Attack,Attack,Attack
2026-07-08 00:11:08,Attack,Normal,Attack,Attack
2026-07-08 00:11:08,Normal,Attack,Normal,Normal
2026-07-08 00:11:08,Attack,Attack,Attack,Attack
2026-07-08 00:11:08,Attack,Attack,Attack,Attack
2026-07-08 00:11:08,Attack,Attack,Normal,Attack
2026-07-08 00:11:08,Attack,Attack,Attack,Attack
2026-07-08 00:11:08,Normal,Attack,Normal,Normal
2026-07-08 00:11:08,Attack,Attack,Attack,Attack
2026-07-08 00:11:08,Normal,Attack,Attack,Attack
2026-07-08 00:11:08,Attack,Attack,Attack,Attack
2026-07-08 00:11:08,Attack,Attack,Normal,Attack
2026-07-08 00:11:08,Attack,Attack,Attack,Attack
2026-07-08 00:11:08,Normal,Attack,Normal,Normal
2026-07-08 00:11:08,Attack,Attack,Normal,Attack
2026-07-08 00:11:08,Attack,Normal,Attack,Attack
2026-07-08 00:11:08,Attack,Attack,Normal,Attack
2026-07-08 00:11:08,Attack,Attack,Attack,Attack
2026-07-08 00:11:08,Attack,Attack,Normal,Attack
2026-07-08 00:11:08,Attack,Normal,Attack,Attack
2026-07-08 00:11:08,Normal,Normal,Attack,Normal
2026-07-08 00:11:08,Normal,Normal,Normal,Normal
2026-07-08 00:11:08,Normal,Attack,Attack,Attack
2026-07-08 00:11:08,Attack,Normal,Attack,Attack
2026-07-08 00:11:08,Attack,Normal,Normal,Normal
2026-07-08 00:11:08,Attack,Attack,Normal,Attack
2026-07-08 00:11:08,Attack,Attack,Normal,Attack
2026-07-08 00:11:08,Attack,Normal,Attack,Attack
2026-07-08 00:11:08,Attack,Normal,Normal,Normal
2026-07-08 00:11:08,Attack,Attack,Attack,Attack
2026-07-08 00:11:08,Attack,Attack,Attack,Attack
2026-07-08 00:11:08,Attack,Attack,Attack,Attack
2026-07-08 00:11:08,Attack,Attack,Attack,Attack
2026-07-08 00:11:08,Attack,Attack,Attack,Attack
2026-07-08 00:11:08,Normal,Normal,Normal,Normal
2026-07-08 00:11:08,Attack,Attack,Attack,Attack
2026-07-08 00:11:08,Attack,Attack,Attack,Attack
2026-07-08 00:11:08,Attack,Attack,Normal,Attack
2026-07-08 00:11:08,Attack,Attack,Attack,Attack
2026-07-08 00:11:08,Attack,Attack,Attack,Attack
2026-07-08 00:11:08,Normal,Attack,Normal,Normal
2026-07-08 00:11:08,Attack,Attack,Attack,Attack
2026-07-08 00:11:08,Attack,Normal,Attack,Attack
2026-07-08 00:11:08,Normal,Attack,Normal,Normal
2026-07-08 00:11:08,Attack,Attack,Normal,Attack
2026-07-08 00:11:08,Attack,Attack,Attack,Attack
2026-07-08 00:11:08,Normal,Attack,Normal,Normal
2026-07-08 00:11:08,Attack,Attack,Attack,Attack
2026-07-08 00:11:08,Attack,Normal,Normal,Normal
2026-07-08 00:11:08,Attack,Normal,Normal,Normal
2026-07-08 00:11:08,Attack,Attack,Normal,Attack
2026-07-08 00:11:08,Attack,Attack,Attack,Attack
2026-07-08 00:11:08,Attack,Attack,Attack,Attack
2026-07-08 00:11:08,Normal,Normal,Normal,Normal
2026-07-08 00:11:08,Normal,Normal,Normal,Normal
2026-07-08 00:11:08,Attack,Attack,Normal,Attack
2026-07-08 00:11:08,Attack,Attack,Attack,Attack
2026-07-08 00:11:08,Attack,Attack,Normal,Attack
2026-07-08 00:11:08,Normal,Normal,Attack,Normal
2026-07-08 00:11:08,Attack,Attack,Attack,Attack
2026-07-08 00:11:08,Attack,Normal,Attack,Attack
2026-07-08 00:11:08,Attack,Attack,Normal,Attack
2026-07-08 00:11:08,Attack,Attack,Attack,Attack
2026-07-08 00:11:08,Normal,Attack,Normal,Normal
2026-07-08 00:11:08,Attack,Attack,Attack,Attack
2026-07-08 00:11:08,Attack,Attack,Attack,Attack
2026-07-08 00:11:08,Attack,Attack,Normal,Attack
2026-07-08 00:11:08,Attack,Attack,Attack,Attack
2026-07-08 00:11:08,Attack,Attack,Normal,Attack
2026-07-08 00:11:08,Attack,Attack,Normal,Attack
2026-07-08 00:11:08,Attack,Attack,Attack,Attack
2026-07-08 00:11:08,Attack,Attack,Normal,Attack
2026-07-08 00:11:08,Attack,Attack,Normal,Attack
2026-07-08 00:11:08,Attack,Attack,Normal,Attack
2026-07-08 00:11:08,Attack,Attack,Normal,Attack
2026-07-08 00:11:08,Normal,Normal,Attack,Normal
2026-07-08 00:11:08,Normal,Attack,Normal,Normal
2026-07-08 00:11:08,Normal,Attack,Attack,Attack
2026-07-08 00:11:08,Normal,Normal,Normal,Normal
2026-07-08 00:11:08,Attack,Attack,Attack,Attack
2026-07-08 00:11:08,Attack,Attack,Normal,Attack
2026-07-08 00:11:08,Attack,Attack,Attack,Attack
2026-07-08 00:11:08,Attack,Normal,Attack,Attack
2026-07-08 00:11:08,Attack,Normal,Normal,Normal
2026-07-08 00:11:08,Attack,Attack,Normal,Attack
2026-07-08 00:11:08,Normal,Attack,Normal,Normal
2026-07-08 00:11:08,Attack,Attack,Attack,Attack
2026-07-08 00:11:08,Attack,Attack,Attack,Attack
2026-07-08 00:11:08,Normal,Attack,Normal,Normal
2026-07-08 00:11:08,Attack,Attack,Normal,Attack
2026-07-08 00:11:08,Attack,Attack,Normal,Attack
2026-07-08 00:11:08,Attack,Attack,Attack,Attack
2026-07-08 00:11:08,Attack,Attack,Normal,Attack
2026-07-08 00:11:08,Normal,Attack,Normal,Normal
2026-07-08 00:11:08,Normal,Attack,Normal,Normal
2026-07-08 00:11:08,Normal,Attack,Attack,Attack
2026-07-08 00:11:08,Attack,Attack,Attack,Attack
2026-07-08 00:11:08,Attack,Attack,Normal,Attack
2026-07-08 00:11:08,Attack,Attack,Attack,Attack
2026-07-08 00:11:08,Attack,Attack,Attack,Attack
2026-07-08 00:11:08,Attack,Attack,Normal,Attack
2026-07-08 00:11:08,Normal,Attack,Attack,Attack
2026-07-08 00:11:08,Normal,Normal,Normal,Normal
2026-07-08 00:11:08,Attack,Attack,Attack,Attack
2026-07-08 00:11:08,Attack,Attack,Attack,Attack
2026-07-08 00:11:08,Attack,Attack,Normal,Attack
2026-07-08 00:11:08,Attack,Normal,Attack,Attack
2026-07-08 00:11:08,Normal,Attack,Normal,Normal
2026-07-08 00:11:08,Attack,Normal,Attack,Attack
2026-07-08 00:11:08,Attack,Attack,Attack,Attack
2026-07-08 00:11:08,Attack,Attack,Normal,Attack
2026-07-08 00:11:08,Normal,Normal,Normal,Normal
2026-07-08 00:11:08,Attack,Attack,Attack,Attack
2026-07-08 00:11:08,Attack,Normal,Normal,Normal
2026-07-08 00:11:08,Attack,Attack,Attack,Attack
2026-07-08 00:11:08,Attack,Attack,Attack,Attack
2026-07-08 00:11:08,Attack,Attack,Normal,Attack
2026-07-08 00:11:08,Attack,Normal,Normal,Normal
2026-07-08 00:11:08,Attack,Attack,Normal,Attack
2026-07-08 00:11:08,Attack,Attack,Attack,Attack
2026-07-08 00:11:08,Attack,Attack,Attack,Attack
2026-07-08 00:11:08,Attack,Attack,Attack,Attack
2026-07-08 00:11:08,Attack,Attack,Attack,Attack
2026-07-08 00:11:08,Attack,Attack,Normal,Attack
2026-07-08 00:11:08,Attack,Attack,Attack,Attack
2026-07-08 00:11:08,Normal,Attack,Normal,Normal
2026-07-08 00:11:08,Attack,Attack,Normal,Attack
2026-07-08 00:11:08,Attack,Attack,Attack,Attack
2026-07-08 00:11:08,Attack,Attack,Attack,Attack
2026-07-08 00:11:08,Attack,Attack,Attack,Attack
2026-07-08 00:11:08,Attack,Attack,Attack,Attack
2026-07-08 00:11:09,Attack,Attack,Attack,Attack
2026-07-08 00:11:09,Attack,Attack,Normal,Attack
2026-07-08 00:19:18,Attack,Attack,Normal,Attack
2026-07-08 00:19:18,Attack,Attack,Attack,Attack
2026-07-08 00:19:18,Attack,Attack,Normal,Attack
2026-07-08 00:19:18,Attack,Attack,Normal,Attack
2026-07-08 00:19:18,Attack,Attack,Normal,Attack
2026-07-08 00:19:18,Normal,Normal,Attack,Normal
2026-07-08 00:19:18,Attack,Attack,Normal,Attack
2026-07-08 00:19:18,Normal,Attack,Normal,Normal
2026-07-08 00:19:18,Attack,Normal,Attack,Attack
2026-07-08 00:19:18,Attack,Attack,Normal,Attack
2026-07-08 00:19:18,Attack,Normal,Attack,Attack
2026-07-08 00:19:18,Attack,Attack,Attack,Attack
2026-07-08 00:19:18,Attack,Attack,Attack,Attack
2026-07-08 00:19:18,Normal,Attack,Attack,Attack
2026-07-08 00:19:18,Attack,Normal,Normal,Normal
2026-07-08 00:19:18,Attack,Attack,Attack,Attack
2026-07-08 00:19:18,Attack,Attack,Attack,Attack
2026-07-08 00:19:18,Attack,Attack,Attack,Attack
2026-07-08 00:19:18,Attack,Attack,Normal,Attack
2026-07-08 00:19:18,Attack,Attack,Normal,Attack
2026-07-08 00:19:18,Attack,Attack,Attack,Attack
2026-07-08 00:19:18,Normal,Normal,Normal,Normal
2026-07-08 00:19:18,Attack,Attack,Normal,Attack
2026-07-08 00:19:18,Attack,Attack,Attack,Attack
2026-07-08 00:19:18,Attack,Attack,Normal,Attack
2026-07-08 00:19:18,Attack,Attack,Attack,Attack
2026-07-08 00:19:18,Attack,Attack,Attack,Attack
2026-07-08 00:19:18,Attack,Attack,Attack,Attack
2026-07-08 00:19:18,Normal,Attack,Attack,Attack
2026-07-08 00:19:18,Normal,Normal,Normal,Normal
2026-07-08 00:19:18,Attack,Attack,Attack,Attack
2026-07-08 00:19:18,Attack,Attack,Normal,Attack
2026-07-08 00:19:18,Attack,Attack,Attack,Attack
2026-07-08 00:19:18,Attack,Attack,Attack,Attack
2026-07-08 00:19:18,Attack,Attack,Attack,Attack
2026-07-08 00:19:18,Attack,Attack,Normal,Attack
2026-07-08 00:19:18,Attack,Attack,Attack,Attack
2026-07-08 00:19:18,Normal,Attack,Normal,Normal
2026-07-08 00:19:18,Attack,Attack,Attack,Attack
2026-07-08 00:19:18,Normal,Attack,Attack,Attack
2026-07-08 00:19:18,Attack,Attack,Normal,Attack
2026-07-08 00:19:18,Normal,Attack,Normal,Normal
2026-07-08 00:19:18,Attack,Attack,Attack,Attack
2026-07-08 00:19:18,Normal,Normal,Attack,Normal
2026-07-08 00:19:18,Normal,Attack,Normal,Normal
2026-07-08 00:19:18,Attack,Attack,Normal,Attack
2026-07-08 00:19:18,Attack,Attack,Attack,Attack
2026-07-08 00:19:18,Attack,Attack,Attack,Attack
2026-07-08 00:19:18,Normal,Attack,Normal,Normal
2026-07-08 00:19:18,Attack,Attack,Attack,Attack
2026-07-08 00:19:18,Attack,Attack,Attack,Attack
2026-07-08 00:19:18,Normal,Normal,Normal,Normal
2026-07-08 00:19:18,Attack,Attack,Attack,Attack
2026-07-08 00:19:18,Attack,Normal,Normal,Normal
2026-07-08 00:19:18,Normal,Attack,Normal,Normal
2026-07-08 00:19:18,Attack,Attack,Attack,Attack
2026-07-08 00:19:18,Attack,Attack,Attack,Attack
2026-07-08 00:19:18,Attack,Attack,Normal,Attack
2026-07-08 00:19:18,Attack,Attack,Normal,Attack
2026-07-08 00:19:18,Attack,Attack,Attack,Attack
2026-07-08 00:19:18,Attack,Attack,Attack,Attack
2026-07-08 00:19:18,Normal,Attack,Normal,Normal
2026-07-08 00:19:18,Normal,Attack,Attack,Attack
2026-07-08 00:19:18,Attack,Attack,Attack,Attack
2026-07-08 00:19:18,Attack,Attack,Attack,Attack
2026-07-08 00:19:18,Attack,Normal,Attack,Attack
2026-07-08 00:19:18,Normal,Attack,Attack,Attack
2026-07-08 00:19:18,Normal,Attack,Normal,Normal
2026-07-08 00:19:18,Attack,Attack,Attack,Attack
2026-07-08 00:19:19,Attack,Attack,Attack,Attack
2026-07-08 00:19:19,Attack,Attack,Attack,Attack
2026-07-08 00:19:19,Normal,Attack,Normal,Normal
2026-07-08 00:19:19,Attack,Attack,Attack,Attack
2026-07-08 00:19:19,Attack,Attack,Normal,Attack
2026-07-08 00:19:19,Attack,Attack,Attack,Attack
2026-07-08 00:19:19,Attack,Attack,Attack,Attack
2026-07-08 00:19:19,Attack,Attack,Normal,Attack
2026-07-08 00:19:19,Attack,Attack,Normal,Attack
2026-07-08 00:19:19,Attack,Attack,Attack,Attack
2026-07-08 00:19:19,Normal,Attack,Normal,Normal
2026-07-08 00:19:19,Attack,Attack,Attack,Attack
2026-07-08 00:19:19,Attack,Attack,Normal,Attack
2026-07-08 00:19:19,Attack,Attack,Attack,Attack
2026-07-08 00:19:19,Attack,Attack,Normal,Attack
2026-07-08 00:19:19,Attack,Attack,Normal,Attack
2026-07-08 00:19:19,Attack,Attack,Attack,Attack
2026-07-08 00:19:19,Attack,Attack,Attack,Attack
2026-07-08 00:19:19,Attack,Attack,Attack,Attack
2026-07-08 00:19:19,Normal,Attack,Attack,Attack
2026-07-08 00:19:19,Attack,Normal,Normal,Normal
2026-07-08 00:19:19,Normal,Normal,Normal,Normal
2026-07-08 00:19:19,Attack,Attack,Attack,Attack
2026-07-08 00:19:19,Attack,Normal,Normal,Normal
2026-07-08 00:19:19,Attack,Attack,Attack,Attack
2026-07-08 00:19:19,Attack,Attack,Attack,Attack
2026-07-08 00:19:19,Normal,Attack,Normal,Normal
2026-07-08 00:19:19,Attack,Attack,Attack,Attack
2026-07-08 00:19:19,Normal,Attack,Normal,Normal
2026-07-08 00:19:19,Attack,Attack,Attack,Attack
2026-07-08 00:19:19,Normal,Normal,Normal,Normal
2026-07-08 00:19:19,Attack,Attack,Normal,Attack
2026-07-08 00:19:19,Normal,Attack,Normal,Normal
2026-07-08 00:19:19,Attack,Attack,Attack,Attack
2026-07-08 00:19:19,Attack,Attack,Normal,Attack
2026-07-08 00:19:19,Attack,Normal,Normal,Normal
2026-07-08 00:19:19,Attack,Attack,Attack,Attack
2026-07-08 00:19:19,Attack,Attack,Attack,Attack
2026-07-08 00:19:19,Attack,Attack,Attack,Attack
2026-07-08 00:19:19,Attack,Attack,Normal,Attack
2026-07-08 00:19:19,Attack,Attack,Normal,Attack
2026-07-08 00:19:19,Attack,Normal,Attack,Attack
2026-07-08 00:19:19,Attack,Attack,Attack,Attack
2026-07-08 00:19:19,Normal,Normal,Normal,Normal
2026-07-08 00:19:19,Normal,Normal,Attack,Normal
2026-07-08 00:19:19,Attack,Attack,Attack,Attack
2026-07-08 00:19:19,Attack,Attack,Attack,Attack
2026-07-08 00:19:19,Attack,Normal,Attack,Attack
2026-07-08 00:19:19,Attack,Normal,Attack,Attack
2026-07-08 00:19:19,Attack,Attack,Normal,Attack
2026-07-08 00:19:19,Attack,Attack,Attack,Attack
2026-07-08 00:19:19,Attack,Attack,Normal,Attack
2026-07-08 00:19:19,Normal,Normal,Attack,Normal
2026-07-08 00:19:19,Normal,Normal,Attack,Normal
2026-07-08 00:19:19,Attack,Attack,Attack,Attack
2026-07-08 00:19:19,Normal,Attack,Attack,Attack
2026-07-08 00:19:19,Attack,Attack,Attack,Attack
2026-07-08 00:19:19,Attack,Attack,Normal,Attack
2026-07-08 00:19:19,Attack,Attack,Attack,Attack
2026-07-08 00:19:19,Normal,Attack,Normal,Normal
2026-07-08 00:19:19,Attack,Normal,Normal,Normal
2026-07-08 00:19:19,Attack,Attack,Attack,Attack
2026-07-08 00:19:19,Attack,Attack,Normal,Attack
2026-07-08 00:19:19,Normal,Attack,Normal,Normal
2026-07-08 00:19:19,Attack,Normal,Attack,Attack
2026-07-08 00:19:19,Attack,Attack,Attack,Attack
2026-07-08 00:19:19,Normal,Attack,Normal,Normal
2026-07-08 00:19:19,Attack,Attack,Normal,Attack
2026-07-08 00:19:19,Normal,Attack,Normal,Normal
2026-07-08 00:19:19,Attack,Attack,Attack,Attack
2026-07-08 00:19:19,Normal,Attack,Normal,Normal
2026-07-08 00:19:19,Attack,Attack,Normal,Attack
2026-07-08 00:19:19,Attack,Attack,Normal,Attack
2026-07-08 00:19:19,Attack,Attack,Attack,Attack
2026-07-08 00:19:19,Attack,Attack,Normal,Attack
2026-07-08 00:19:19,Attack,Attack,Normal,Attack
2026-07-08 00:19:19,Normal,Attack,Normal,Normal
2026-07-08 00:19:19,Attack,Attack,Attack,Attack
2026-07-08 00:19:19,Attack,Attack,Normal,Attack
2026-07-08 00:19:19,Attack,Attack,Normal,Attack
2026-07-08 00:19:19,Normal,Attack,Normal,Normal
2026-07-08 00:19:19,Normal,Attack,Attack,Attack
2026-07-08 00:19:19,Attack,Attack,Normal,Attack
2026-07-08 00:19:19,Attack,Attack,Attack,Attack
2026-07-08 00:19:19,Normal,Normal,Normal,Normal
2026-07-08 00:19:19,Attack,Attack,Attack,Attack
2026-07-08 00:19:19,Attack,Attack,Normal,Attack
2026-07-08 00:19:19,Normal,Attack,Attack,Attack
2026-07-08 00:19:19,Attack,Normal,Normal,Normal
2026-07-08 00:19:19,Normal,Normal,Attack,Normal
2026-07-08 00:19:19,Attack,Attack,Attack,Attack
2026-07-08 00:19:19,Attack,Attack,Attack,Attack
2026-07-08 00:19:19,Attack,Attack,Normal,Attack
2026-07-08 00:19:19,Attack,Attack,Attack,Attack
2026-07-08 00:19:19,Normal,Attack,Attack,Attack
2026-07-08 00:19:19,Attack,Attack,Attack,Attack
2026-07-08 00:19:19,Attack,Attack,Attack,Attack
2026-07-08 00:19:19,Attack,Attack,Normal,Attack
2026-07-08 00:19:19,Attack,Attack,Attack,Attack
2026-07-08 00:19:19,Normal,Attack,Attack,Attack
2026-07-08 00:19:19,Attack,Attack,Attack,Attack
2026-07-08 00:19:19,Attack,Attack,Attack,Attack
2026-07-08 00:19:19,Attack,Normal,Normal,Normal
2026-07-08 00:19:19,Attack,Attack,Normal,Attack
2026-07-08 00:19:19,Normal,Attack,Normal,Normal
2026-07-08 00:19:19,Attack,Attack,Normal,Attack
2026-07-08 00:19:19,Attack,Normal,Normal,Normal
2026-07-08 00:19:19,Attack,Attack,Normal,Attack
2026-07-08 00:19:19,Attack,Attack,Attack,Attack
2026-07-08 00:19:19,Attack,Normal,Normal,Normal
2026-07-08 00:19:19,Attack,Attack,Normal,Attack
2026-07-08 00:19:19,Attack,Attack,Normal,Attack
2026-07-08 00:19:19,Attack,Attack,Attack,Attack
2026-07-08 00:19:19,Attack,Attack,Attack,Attack
2026-07-08 00:19:19,Attack,Attack,Attack,Attack
2026-07-08 00:19:19,Attack,Attack,Attack,Attack
2026-07-08 00:19:19,Attack,Attack,Normal,Attack
2026-07-08 00:19:19,Normal,Attack,Attack,Attack
2026-07-08 00:19:19,Attack,Attack,Normal,Attack
2026-07-08 00:19:19,Attack,Normal,Normal,Normal
2026-07-08 00:19:19,Attack,Attack,Attack,Attack
2026-07-08 00:19:19,Normal,Attack,Attack,Attack
2026-07-08 00:19:19,Attack,Attack,Normal,Attack
2026-07-08 00:19:19,Attack,Attack,Attack,Attack
2026-07-08 00:19:19,Attack,Attack,Attack,Attack
2026-07-08 00:19:19,Normal,Attack,Normal,Normal
2026-07-08 00:19:19,Attack,Attack,Attack,Attack
2026-07-08 00:19:19,Attack,Attack,Attack,Attack
2026-07-08 00:19:19,Normal,Attack,Normal,Normal
2026-07-08 00:19:19,Attack,Attack,Attack,Attack
2026-07-08 00:19:19,Attack,Attack,Normal,Attack
2026-07-08 00:19:19,Attack,Attack,Attack,Attack
2026-07-08 00:19:19,Attack,Attack,Attack,Attack
2026-07-08 00:19:19,Attack,Attack,Attack,Attack
2026-07-08 00:19:19,Attack,Attack,Attack,Attack
2026-07-08 00:19:19,Attack,Attack,Attack,Attack
2026-07-08 00:19:19,Attack,Attack,Attack,Attack
2026-07-08 00:19:19,Normal,Attack,Attack,Attack
2026-07-08 00:19:19,Normal,Attack,Attack,Attack
2026-07-08 00:19:19,Attack,Attack,Attack,Attack
2026-07-08 00:19:20,Attack,Attack,Normal,Attack
2026-07-08 00:19:20,Attack,Attack,Attack,Attack
2026-07-08 00:19:20,Attack,Attack,Normal,Attack
2026-07-08 00:19:20,Attack,Attack,Attack,Attack
2026-07-08 00:19:20,Normal,Attack,Normal,Normal
2026-07-08 00:19:20,Attack,Attack,Attack,Attack
2026-07-08 00:19:20,Normal,Normal,Normal,Normal
2026-07-08 00:19:20,Normal,Attack,Attack,Attack
2026-07-08 00:19:20,Normal,Attack,Normal,Normal
2026-07-08 00:19:20,Attack,Attack,Attack,Attack
2026-07-08 00:19:20,Attack,Attack,Attack,Attack
2026-07-08 00:19:20,Attack,Attack,Normal,Attack
2026-07-08 00:19:20,Attack,Attack,Attack,Attack
2026-07-08 00:19:20,Attack,Normal,Attack,Attack
2026-07-08 00:19:20,Attack,Attack,Normal,Attack
2026-07-08 00:19:20,Normal,Attack,Normal,Normal
2026-07-08 00:19:20,Attack,Attack,Attack,Attack
2026-07-08 00:19:20,Normal,Attack,Normal,Normal
2026-07-08 00:19:20,Normal,Attack,Attack,Attack
2026-07-08 00:19:20,Attack,Attack,Normal,Attack
2026-07-08 00:19:20,Attack,Attack,Attack,Attack
2026-07-08 00:19:20,Normal,Attack,Attack,Attack
2026-07-08 00:19:20,Attack,Attack,Attack,Attack
2026-07-08 00:19:20,Normal,Attack,Normal,Normal
2026-07-08 00:19:20,Normal,Normal,Normal,Normal
2026-07-08 00:19:20,Attack,Attack,Normal,Attack
2026-07-08 00:19:20,Attack,Attack,Normal,Attack
2026-07-08 00:19:20,Normal,Attack,Attack,Attack
2026-07-08 00:19:20,Attack,Attack,Normal,Attack
2026-07-08 00:19:20,Attack,Attack,Attack,Attack
2026-07-08 00:19:20,Attack,Attack,Normal,Attack
2026-07-08 00:19:20,Attack,Attack,Attack,Attack
2026-07-08 00:19:20,Normal,Normal,Normal,Normal
2026-07-08 00:19:20,Attack,Attack,Attack,Attack
2026-07-08 00:19:20,Normal,Attack,Attack,Attack
2026-07-08 00:19:20,Attack,Attack,Normal,Attack
2026-07-08 00:19:20,Normal,Attack,Normal,Normal
2026-07-08 00:19:20,Attack,Attack,Normal,Attack
2026-07-08 00:19:20,Attack,Attack,Attack,Attack
2026-07-08 00:19:20,Attack,Attack,Attack,Attack
2026-07-08 00:19:20,Attack,Attack,Normal,Attack
2026-07-08 00:19:20,Normal,Attack,Normal,Normal
2026-07-08 00:19:20,Normal,Attack,Normal,Normal
2026-07-08 00:19:20,Normal,Attack,Normal,Normal
2026-07-08 00:19:20,Normal,Attack,Normal,Normal
2026-07-08 00:19:20,Attack,Normal,Normal,Normal
2026-07-08 00:19:20,Attack,Attack,Attack,Attack
2026-07-08 00:19:20,Attack,Attack,Attack,Attack
2026-07-08 00:19:20,Normal,Attack,Attack,Attack
2026-07-08 00:19:20,Attack,Attack,Attack,Attack
2026-07-08 00:19:20,Normal,Normal,Attack,Normal
2026-07-08 00:19:20,Attack,Attack,Attack,Attack
2026-07-08 00:19:20,Attack,Attack,Attack,Attack
2026-07-08 00:19:20,Attack,Attack,Attack,Attack
2026-07-08 00:19:20,Attack,Normal,Attack,Attack
2026-07-08 00:19:20,Attack,Attack,Attack,Attack
2026-07-08 00:19:20,Attack,Attack,Attack,Attack
2026-07-08 00:19:20,Attack,Attack,Normal,Attack
2026-07-08 00:19:20,Normal,Normal,Attack,Normal
2026-07-08 00:19:20,Attack,Attack,Attack,Attack
2026-07-08 00:19:20,Attack,Attack,Attack,Attack
2026-07-08 00:19:20,Normal,Attack,Normal,Normal
2026-07-08 00:19:20,Attack,Attack,Normal,Attack
2026-07-08 00:19:20,Attack,Attack,Normal,Attack
2026-07-08 00:19:20,Normal,Attack,Normal,Normal
2026-07-08 00:19:20,Attack,Attack,Attack,Attack
2026-07-08 00:19:20,Attack,Attack,Attack,Attack
2026-07-08 00:19:20,Normal,Attack,Normal,Normal
2026-07-08 00:19:20,Attack,Normal,Normal,Normal
2026-07-08 00:19:20,Attack,Attack,Attack,Attack
2026-07-08 00:19:20,Attack,Attack,Attack,Attack
2026-07-08 00:19:20,Normal,Normal,Normal,Normal
2026-07-08 00:19:20,Attack,Normal,Attack,Attack
2026-07-08 00:19:20,Attack,Attack,Attack,Attack
2026-07-08 00:19:20,Attack,Attack,Normal,Attack
2026-07-08 00:19:20,Attack,Attack,Attack,Attack
2026-07-08 00:19:20,Normal,Attack,Normal,Normal
2026-07-08 00:19:20,Attack,Attack,Attack,Attack
2026-07-08 00:19:20,Attack,Attack,Normal,Attack
2026-07-08 00:19:20,Normal,Attack,Attack,Attack
2026-07-08 00:19:20,Attack,Attack,Attack,Attack
2026-07-08 00:19:20,Normal,Normal,Attack,Normal
2026-07-08 00:19:20,Attack,Attack,Normal,Attack
2026-07-08 00:19:20,Attack,Attack,Normal,Attack
2026-07-08 00:19:20,Attack,Attack,Normal,Attack
2026-07-08 00:19:20,Normal,Attack,Normal,Normal
2026-07-08 00:19:20,Attack,Attack,Normal,Attack
2026-07-08 00:19:20,Normal,Attack,Normal,Normal
2026-07-08 00:19:20,Attack,Attack,Normal,Attack
2026-07-08 00:19:20,Normal,Attack,Attack,Attack
2026-07-08 00:19:20,Attack,Normal,Normal,Normal
2026-07-08 00:19:20,Attack,Attack,Attack,Attack
2026-07-08 00:19:20,Attack,Attack,Attack,Attack
2026-07-08 00:19:20,Attack,Attack,Attack,Attack
2026-07-08 00:19:20,Attack,Attack,Normal,Attack
2026-07-08 00:19:20,Attack,Attack,Attack,Attack
2026-07-08 00:19:20,Attack,Attack,Normal,Attack
2026-07-08 00:19:20,Attack,Attack,Attack,Attack
2026-07-08 00:19:20,Attack,Attack,Attack,Attack
2026-07-08 00:19:20,Normal,Normal,Attack,Normal
2026-07-08 00:19:20,Normal,Normal,Normal,Normal
2026-07-08 00:19:20,Attack,Attack,Attack,Attack
2026-07-08 00:19:20,Normal,Normal,Normal,Normal
2026-07-08 00:19:20,Normal,Attack,Normal,Normal
2026-07-08 00:19:20,Attack,Attack,Normal,Attack
2026-07-08 00:19:20,Normal,Attack,Normal,Normal
2026-07-08 00:19:20,Attack,Attack,Attack,Attack
2026-07-08 00:19:20,Attack,Attack,Normal,Attack
2026-07-08 00:19:20,Attack,Normal,Normal,Normal
2026-07-08 00:19:20,Attack,Attack,Normal,Attack
2026-07-08 00:19:20,Normal,Normal,Normal,Normal
2026-07-08 00:19:20,Attack,Normal,Attack,Attack
2026-07-08 00:19:20,Normal,Normal,Attack,Normal
2026-07-08 00:19:20,Normal,Attack,Normal,Normal
2026-07-08 00:19:20,Attack,Attack,Attack,Attack
2026-07-08 00:19:20,Normal,Attack,Attack,Attack
2026-07-08 00:19:20,Attack,Attack,Normal,Attack
2026-07-08 00:19:20,Attack,Attack,Attack,Attack
2026-07-08 00:19:20,Attack,Attack,Attack,Attack
2026-07-08 00:19:20,Attack,Attack,Normal,Attack
2026-07-08 00:19:20,Normal,Attack,Attack,Attack
2026-07-08 00:19:20,Attack,Attack,Attack,Attack
2026-07-08 00:19:20,Attack,Attack,Attack,Attack
2026-07-08 00:19:20,Normal,Attack,Normal,Normal
2026-07-08 00:19:20,Attack,Attack,Normal,Attack
2026-07-08 00:19:20,Attack,Attack,Attack,Attack
2026-07-08 00:19:20,Attack,Attack,Normal,Attack
2026-07-08 00:19:20,Attack,Normal,Attack,Attack
2026-07-08 00:19:20,Attack,Normal,Normal,Normal
2026-07-08 00:19:20,Attack,Attack,Attack,Attack
2026-07-08 00:19:20,Attack,Attack,Attack,Attack
2026-07-08 00:19:20,Attack,Normal,Attack,Attack
2026-07-08 00:19:21,Attack,Attack,Normal,Attack
2026-07-08 00:19:21,Normal,Attack,Normal,Normal
2026-07-08 00:19:21,Normal,Attack,Normal,Normal
2026-07-08 00:19:21,Normal,Attack,Normal,Normal
2026-07-08 00:19:21,Attack,Attack,Attack,Attack
2026-07-08 00:19:21,Attack,Attack,Normal,Attack
2026-07-08 00:19:21,Normal,Attack,Normal,Normal
2026-07-08 00:19:21,Attack,Attack,Normal,Attack
2026-07-08 00:19:21,Attack,Attack,Attack,Attack
2026-07-08 00:19:21,Attack,Attack,Attack,Attack
2026-07-08 00:19:21,Attack,Attack,Normal,Attack
2026-07-08 00:19:21,Attack,Attack,Attack,Attack
2026-07-08 00:19:21,Normal,Attack,Normal,Normal
2026-07-08 00:19:21,Attack,Attack,Attack,Attack
2026-07-08 00:19:21,Attack,Attack,Normal,Attack
2026-07-08 00:19:21,Attack,Attack,Attack,Attack
2026-07-08 00:19:21,Attack,Attack,Attack,Attack
2026-07-08 00:19:21,Normal,Normal,Normal,Normal
2026-07-08 00:19:21,Attack,Attack,Attack,Attack
2026-07-08 00:19:21,Attack,Attack,Attack,Attack
2026-07-08 00:19:21,Normal,Normal,Normal,Normal
2026-07-08 00:19:21,Attack,Normal,Attack,Attack
2026-07-08 00:19:21,Attack,Attack,Attack,Attack
2026-07-08 00:19:21,Attack,Attack,Attack,Attack
2026-07-08 00:19:21,Attack,Normal,Normal,Normal
2026-07-08 00:19:21,Attack,Attack,Normal,Attack
2026-07-08 00:19:21,Attack,Attack,Attack,Attack
2026-07-08 00:19:21,Attack,Attack,Attack,Attack
2026-07-08 00:19:21,Normal,Attack,Attack,Attack
2026-07-08 00:19:21,Attack,Attack,Attack,Attack
2026-07-08 00:19:21,Attack,Attack,Attack,Attack
2026-07-08 00:19:21,Attack,Attack,Attack,Attack
2026-07-08 00:19:21,Normal,Normal,Attack,Normal
2026-07-08 00:19:21,Normal,Attack,Attack,Attack
2026-07-08 00:19:21,Normal,Attack,Normal,Normal
2026-07-08 00:19:21,Attack,Attack,Normal,Attack
2026-07-08 00:19:21,Attack,Attack,Normal,Attack
2026-07-08 00:19:21,Attack,Attack,Attack,Attack
2026-07-08 00:19:21,Attack,Attack,Attack,Attack
2026-07-08 00:19:21,Normal,Attack,Normal,Normal
2026-07-08 00:19:21,Normal,Attack,Normal,Normal
2026-07-08 00:19:21,Normal,Attack,Normal,Normal
2026-07-08 00:19:21,Attack,Attack,Attack,Attack
2026-07-08 00:19:21,Attack,Attack,Attack,Attack
2026-07-08 00:19:21,Attack,Attack,Attack,Attack
2026-07-08 00:19:21,Attack,Attack,Normal,Attack
2026-07-08 00:19:21,Normal,Attack,Normal,Normal
2026-07-08 00:19:21,Attack,Normal,Normal,Normal
2026-07-08 00:19:21,Attack,Attack,Attack,Attack
2026-07-08 00:19:21,Attack,Normal,Attack,Attack
2026-07-08 00:19:21,Normal,Attack,Normal,Normal
2026-07-08 00:19:21,Normal,Normal,Attack,Normal
2026-07-08 00:19:21,Attack,Attack,Attack,Attack
2026-07-08 00:19:21,Attack,Attack,Normal,Attack
2026-07-08 00:19:21,Attack,Attack,Normal,Attack
2026-07-08 00:19:21,Attack,Attack,Attack,Attack
2026-07-08 00:19:21,Attack,Attack,Normal,Attack
2026-07-08 00:19:21,Normal,Attack,Normal,Normal
2026-07-08 00:19:21,Attack,Attack,Attack,Attack
2026-07-08 00:19:21,Normal,Normal,Normal,Normal
2026-07-08 00:19:21,Normal,Attack,Attack,Attack
2026-07-08 00:19:21,Attack,Attack,Attack,Attack
2026-07-08 00:19:21,Normal,Attack,Attack,Attack
2026-07-08 00:19:21,Attack,Attack,Attack,Attack
2026-07-08 00:19:21,Attack,Attack,Attack,Attack
2026-07-08 00:19:21,Attack,Attack,Normal,Attack
2026-07-08 00:19:21,Attack,Attack,Attack,Attack
2026-07-08 00:19:21,Attack,Attack,Attack,Attack
2026-07-08 00:19:21,Attack,Attack,Normal,Attack
2026-07-08 00:19:21,Attack,Attack,Attack,Attack
2026-07-08 00:19:21,Attack,Attack,Attack,Attack
2026-07-08 00:19:21,Normal,Attack,Attack,Attack
2026-07-08 00:19:21,Attack,Attack,Normal,Attack
2026-07-08 00:19:21,Attack,Attack,Attack,Attack
2026-07-08 00:19:21,Attack,Attack,Normal,Attack
2026-07-08 00:19:21,Normal,Normal,Normal,Normal
2026-07-08 00:19:21,Attack,Attack,Attack,Attack
2026-07-08 00:19:21,Attack,Attack,Attack,Attack
2026-07-08 00:19:21,Attack,Attack,Normal,Attack
2026-07-08 00:19:21,Normal,Normal,Attack,Normal
2026-07-08 00:19:21,Attack,Normal,Normal,Normal
2026-07-08 00:19:21,Attack,Normal,Normal,Normal
2026-07-08 00:19:21,Attack,Normal,Attack,Attack
2026-07-08 00:19:21,Attack,Attack,Attack,Attack
2026-07-08 00:19:21,Attack,Attack,Attack,Attack
2026-07-08 00:19:21,Attack,Attack,Normal,Attack
2026-07-08 00:19:21,Normal,Normal,Normal,Normal
2026-07-08 00:19:21,Attack,Attack,Attack,Attack
2026-07-08 00:19:21,Attack,Attack,Attack,Attack
2026-07-08 00:19:21,Attack,Attack,Attack,Attack
2026-07-08 00:19:21,Attack,Attack,Normal,Attack
2026-07-08 00:19:21,Attack,Attack,Attack,Attack
2026-07-08 00:19:21,Attack,Attack,Normal,Attack
2026-07-08 00:19:21,Attack,Attack,Attack,Attack
2026-07-08 00:19:21,Normal,Attack,Normal,Normal
2026-07-08 00:19:21,Attack,Attack,Normal,Attack
2026-07-08 00:19:21,Normal,Attack,Attack,Attack
2026-07-08 00:19:21,Attack,Attack,Attack,Attack
2026-07-08 00:19:21,Normal,Attack,Normal,Normal
2026-07-08 00:19:21,Attack,Attack,Attack,Attack
2026-07-08 00:19:21,Attack,Attack,Attack,Attack
2026-07-08 00:19:21,Attack,Attack,Attack,Attack
2026-07-08 00:19:21,Attack,Attack,Attack,Attack
2026-07-08 00:19:21,Attack,Attack,Attack,Attack
2026-07-08 00:19:21,Attack,Attack,Attack,Attack
2026-07-08 00:19:21,Normal,Attack,Normal,Normal
2026-07-08 00:19:21,Normal,Attack,Normal,Normal
2026-07-08 00:19:21,Attack,Attack,Normal,Attack
2026-07-08 00:19:21,Normal,Normal,Normal,Normal
2026-07-08 00:19:21,Attack,Attack,Attack,Attack
2026-07-08 00:19:21,Attack,Attack,Normal,Attack
2026-07-08 00:19:21,Attack,Attack,Attack,Attack
2026-07-08 00:19:21,Attack,Attack,Attack,Attack
2026-07-08 00:19:21,Attack,Attack,Normal,Attack
2026-07-08 00:19:21,Attack,Attack,Attack,Attack
2026-07-08 00:19:21,Normal,Attack,Normal,Normal
2026-07-08 00:19:21,Normal,Attack,Normal,Normal
2026-07-08 00:19:21,Attack,Attack,Attack,Attack
2026-07-08 00:19:21,Attack,Attack,Attack,Attack
2026-07-08 00:19:21,Attack,Attack,Normal,Attack
2026-07-08 00:19:21,Attack,Normal,Normal,Normal
2026-07-08 00:19:21,Attack,Attack,Normal,Attack
2026-07-08 00:19:21,Attack,Attack,Attack,Attack
2026-07-08 00:19:21,Normal,Normal,Attack,Normal
2026-07-08 00:19:21,Attack,Attack,Normal,Attack
2026-07-08 00:19:21,Attack,Attack,Normal,Attack
2026-07-08 00:19:21,Attack,Attack,Normal,Attack
2026-07-08 00:19:21,Attack,Attack,Attack,Attack
2026-07-08 00:19:21,Attack,Attack,Attack,Attack
2026-07-08 00:19:21,Attack,Attack,Attack,Attack
2026-07-08 00:19:21,Normal,Normal,Normal,Normal
2026-07-08 00:19:21,Normal,Attack,Normal,Normal
2026-07-08 00:19:21,Normal,Attack,Attack,Attack
2026-07-08 00:19:21,Normal,Normal,Normal,Normal
2026-07-08 00:19:21,Attack,Attack,Normal,Attack
2026-07-08 00:19:21,Attack,Attack,Attack,Attack
2026-07-08 00:19:21,Attack,Attack,Attack,Attack
2026-07-08 00:19:21,Attack,Attack,Normal,Attack
2026-07-08 00:19:21,Attack,Normal,Attack,Attack
2026-07-08 00:19:21,Attack,Attack,Normal,Attack
2026-07-08 00:19:21,Attack,Attack,Attack,Attack
2026-07-08 00:19:21,Normal,Normal,Normal,Normal
2026-07-08 00:19:21,Attack,Attack,Attack,Attack
2026-07-08 00:19:21,Attack,Attack,Attack,Attack
2026-07-08 00:19:21,Attack,Attack,Attack,Attack
2026-07-08 00:19:22,Attack,Attack,Attack,Attack
2026-07-08 00:19:22,Normal,Normal,Normal,Normal
2026-07-08 00:19:22,Normal,Normal,Normal,Normal
2026-07-08 00:19:22,Normal,Normal,Attack,Normal
2026-07-08 00:19:22,Attack,Attack,Attack,Attack
2026-07-08 00:19:22,Attack,Attack,Normal,Attack
2026-07-08 00:19:22,Attack,Attack,Attack,Attack
2026-07-08 00:19:22,Attack,Attack,Attack,Attack
2026-07-08 00:19:22,Attack,Attack,Normal,Attack
2026-07-08 00:19:22,Normal,Attack,Normal,Normal
2026-07-08 00:19:22,Attack,Attack,Attack,Attack
2026-07-08 00:19:22,Normal,Attack,Attack,Attack
2026-07-08 00:19:22,Attack,Attack,Attack,Attack
2026-07-08 00:19:22,Normal,Attack,Normal,Normal
2026-07-08 00:19:22,Normal,Attack,Normal,Normal
2026-07-08 00:19:22,Attack,Attack,Attack,Attack
2026-07-08 00:19:22,Normal,Attack,Normal,Normal
2026-07-08 00:19:22,Attack,Attack,Attack,Attack
2026-07-08 00:19:22,Attack,Attack,Attack,Attack
2026-07-08 00:19:22,Attack,Attack,Attack,Attack
2026-07-08 00:19:22,Attack,Attack,Attack,Attack
2026-07-08 00:19:22,Attack,Attack,Attack,Attack
2026-07-08 00:19:22,Attack,Attack,Attack,Attack
2026-07-08 00:19:22,Normal,Attack,Normal,Normal
2026-07-08 00:19:22,Normal,Attack,Normal,Normal
2026-07-08 00:19:22,Attack,Attack,Normal,Attack
2026-07-08 00:19:22,Attack,Attack,Attack,Attack
2026-07-08 00:19:22,Normal,Normal,Attack,Normal
2026-07-08 00:19:22,Normal,Attack,Normal,Normal
2026-07-08 00:19:22,Attack,Attack,Attack,Attack
2026-07-08 00:19:22,Attack,Attack,Attack,Attack
2026-07-08 00:19:22,Attack,Attack,Normal,Attack
2026-07-08 00:19:22,Attack,Attack,Normal,Attack
2026-07-08 00:19:22,Attack,Attack,Normal,Attack
2026-07-08 00:19:22,Normal,Normal,Normal,Normal
2026-07-08 00:19:22,Attack,Attack,Attack,Attack
2026-07-08 00:19:22,Attack,Attack,Normal,Attack
2026-07-08 00:19:22,Attack,Attack,Attack,Attack
2026-07-08 00:19:22,Attack,Attack,Attack,Attack
2026-07-08 00:19:22,Attack,Attack,Attack,Attack
2026-07-08 00:19:22,Attack,Attack,Normal,Attack
2026-07-08 00:19:22,Attack,Attack,Attack,Attack
2026-07-08 00:19:22,Attack,Attack,Normal,Attack
2026-07-08 00:19:22,Attack,Attack,Attack,Attack
2026-07-08 00:19:22,Attack,Attack,Normal,Attack
2026-07-08 00:19:22,Attack,Attack,Attack,Attack
2026-07-08 00:19:22,Attack,Attack,Attack,Attack
2026-07-08 00:19:22,Attack,Attack,Attack,Attack
2026-07-08 00:19:22,Normal,Attack,Normal,Normal
2026-07-08 00:19:22,Attack,Attack,Normal,Attack
2026-07-08 00:19:22,Normal,Attack,Normal,Normal
2026-07-08 00:19:22,Attack,Attack,Attack,Attack
2026-07-08 00:19:22,Normal,Attack,Attack,Attack
2026-07-08 00:19:22,Attack,Normal,Attack,Attack
2026-07-08 00:19:23,Normal,Attack,Normal,Normal
2026-07-08 00:19:23,Attack,Attack,Attack,Attack
2026-07-08 00:19:23,Attack,Attack,Attack,Attack
2026-07-08 00:19:23,Attack,Attack,Normal,Attack
2026-07-08 00:19:23,Attack,Attack,Attack,Attack
2026-07-08 00:19:23,Normal,Attack,Normal,Normal
2026-07-08 00:19:23,Attack,Attack,Attack,Attack
2026-07-08 00:19:23,Normal,Attack,Attack,Attack
2026-07-08 00:19:23,Attack,Attack,Attack,Attack
2026-07-08 00:19:23,Attack,Attack,Normal,Attack
2026-07-08 00:19:23,Attack,Attack,Attack,Attack
2026-07-08 00:19:23,Normal,Attack,Normal,Normal
2026-07-08 00:19:23,Attack,Attack,Normal,Attack
2026-07-08 00:19:23,Attack,Normal,Attack,Attack
2026-07-08 00:19:23,Attack,Attack,Normal,Attack
2026-07-08 00:19:23,Attack,Attack,Attack,Attack
2026-07-08 00:19:23,Attack,Attack,Normal,Attack
2026-07-08 00:19:23,Attack,Normal,Attack,Attack
2026-07-08 00:19:23,Normal,Normal,Attack,Normal
2026-07-08 00:19:23,Normal,Normal,Normal,Normal
2026-07-08 00:19:23,Normal,Attack,Attack,Attack
2026-07-08 00:19:23,Attack,Normal,Attack,Attack
2026-07-08 00:19:23,Attack,Normal,Normal,Normal
2026-07-08 00:19:23,Attack,Attack,Normal,Attack
2026-07-08 00:19:23,Attack,Attack,Normal,Attack
2026-07-08 00:19:23,Attack,Normal,Attack,Attack
2026-07-08 00:19:23,Attack,Normal,Normal,Normal
2026-07-08 00:19:23,Attack,Attack,Attack,Attack
2026-07-08 00:19:23,Attack,Attack,Attack,Attack
2026-07-08 00:19:23,Attack,Attack,Attack,Attack
2026-07-08 00:19:23,Attack,Attack,Attack,Attack
2026-07-08 00:19:23,Attack,Attack,Attack,Attack
2026-07-08 00:19:23,Normal,Normal,Normal,Normal
2026-07-08 00:19:23,Attack,Attack,Attack,Attack
2026-07-08 00:19:23,Attack,Attack,Attack,Attack
2026-07-08 00:19:23,Attack,Attack,Normal,Attack
2026-07-08 00:19:23,Attack,Attack,Attack,Attack
2026-07-08 00:19:23,Attack,Attack,Attack,Attack
2026-07-08 00:19:23,Normal,Attack,Normal,Normal
2026-07-08 00:19:23,Attack,Attack,Attack,Attack
2026-07-08 00:19:23,Attack,Normal,Attack,Attack
2026-07-08 00:19:23,Normal,Attack,Normal,Normal
2026-07-08 00:19:23,Attack,Attack,Normal,Attack
2026-07-08 00:19:23,Attack,Attack,Attack,Attack
2026-07-08 00:19:23,Normal,Attack,Normal,Normal
2026-07-08 00:19:23,Attack,Attack,Attack,Attack
2026-07-08 00:19:23,Attack,Normal,Normal,Normal
2026-07-08 00:19:24,Attack,Normal,Normal,Normal
2026-07-08 00:19:24,Attack,Attack,Normal,Attack
2026-07-08 00:19:24,Attack,Attack,Attack,Attack
2026-07-08 00:19:24,Attack,Attack,Attack,Attack
2026-07-08 00:19:24,Normal,Normal,Normal,Normal
2026-07-08 00:19:24,Normal,Normal,Normal,Normal
2026-07-08 00:19:24,Attack,Attack,Normal,Attack
2026-07-08 00:19:24,Attack,Attack,Attack,Attack
2026-07-08 00:19:24,Attack,Attack,Normal,Attack
2026-07-08 00:19:24,Normal,Normal,Attack,Normal
2026-07-08 00:19:24,Attack,Attack,Attack,Attack
2026-07-08 00:19:24,Attack,Normal,Attack,Attack
2026-07-08 00:19:24,Attack,Attack,Normal,Attack
2026-07-08 00:19:24,Attack,Attack,Attack,Attack
2026-07-08 00:19:24,Normal,Attack,Normal,Normal
2026-07-08 00:19:24,Attack,Attack,Attack,Attack
2026-07-08 00:19:24,Attack,Attack,Attack,Attack
2026-07-08 00:19:24,Attack,Attack,Normal,Attack
2026-07-08 00:19:24,Attack,Attack,Attack,Attack
2026-07-08 00:19:24,Attack,Attack,Normal,Attack
2026-07-08 00:19:24,Attack,Attack,Normal,Attack
2026-07-08 00:19:24,Attack,Attack,Attack,Attack
2026-07-08 00:19:24,Attack,Attack,Normal,Attack
2026-07-08 00:19:24,Attack,Attack,Normal,Attack
2026-07-08 00:19:24,Attack,Attack,Normal,Attack
2026-07-08 00:19:24,Attack,Attack,Normal,Attack
2026-07-08 00:19:24,Normal,Normal,Attack,Normal
2026-07-08 00:19:24,Normal,Attack,Normal,Normal
2026-07-08 00:19:24,Normal,Attack,Attack,Attack
2026-07-08 00:19:24,Normal,Normal,Normal,Normal
2026-07-08 00:19:24,Attack,Attack,Attack,Attack
2026-07-08 00:19:24,Attack,Attack,Normal,Attack
2026-07-08 00:19:24,Attack,Attack,Attack,Attack
2026-07-08 00:19:24,Attack,Normal,Attack,Attack
2026-07-08 00:19:24,Attack,Normal,Normal,Normal
2026-07-08 00:19:24,Attack,Attack,Normal,Attack
2026-07-08 00:19:24,Normal,Attack,Normal,Normal
2026-07-08 00:19:24,Attack,Attack,Attack,Attack
2026-07-08 00:19:24,Attack,Attack,Attack,Attack
2026-07-08 00:19:24,Normal,Attack,Normal,Normal
2026-07-08 00:19:24,Attack,Attack,Normal,Attack
2026-07-08 00:19:24,Attack,Attack,Normal,Attack
2026-07-08 00:19:24,Attack,Attack,Attack,Attack
2026-07-08 00:19:24,Attack,Attack,Normal,Attack
2026-07-08 00:19:24,Normal,Attack,Normal,Normal
2026-07-08 00:19:24,Normal,Attack,Normal,Normal
2026-07-08 00:19:24,Normal,Attack,Attack,Attack
2026-07-08 00:19:24,Attack,Attack,Attack,Attack
2026-07-08 00:19:24,Attack,Attack,Normal,Attack
2026-07-08 00:19:24,Attack,Attack,Attack,Attack
2026-07-08 00:19:24,Attack,Attack,Attack,Attack
2026-07-08 00:19:24,Attack,Attack,Normal,Attack
2026-07-08 00:19:24,Normal,Attack,Attack,Attack
2026-07-08 00:19:24,Normal,Normal,Normal,Normal
2026-07-08 00:19:24,Attack,Attack,Attack,Attack
2026-07-08 00:19:24,Attack,Attack,Attack,Attack
2026-07-08 00:19:24,Attack,Attack,Normal,Attack
2026-07-08 00:19:24,Attack,Normal,Attack,Attack
2026-07-08 00:19:25,Normal,Attack,Normal,Normal
2026-07-08 00:19:25,Attack,Normal,Attack,Attack
2026-07-08 00:19:25,Attack,Attack,Attack,Attack
2026-07-08 00:19:25,Attack,Attack,Normal,Attack
2026-07-08 00:19:25,Normal,Normal,Normal,Normal
2026-07-08 00:19:25,Attack,Attack,Attack,Attack
2026-07-08 00:19:25,Attack,Normal,Normal,Normal
2026-07-08 00:19:25,Attack,Attack,Attack,Attack
2026-07-08 00:19:25,Attack,Attack,Attack,Attack
2026-07-08 00:19:25,Attack,Attack,Normal,Attack
2026-07-08 00:19:25,Attack,Normal,Normal,Normal
2026-07-08 00:19:25,Attack,Attack,Normal,Attack
2026-07-08 00:19:25,Attack,Attack,Attack,Attack
2026-07-08 00:19:25,Attack,Attack,Attack,Attack
2026-07-08 00:19:25,Attack,Attack,Attack,Attack
2026-07-08 00:19:25,Attack,Attack,Attack,Attack
2026-07-08 00:19:25,Attack,Attack,Normal,Attack
2026-07-08 00:19:25,Attack,Attack,Attack,Attack
2026-07-08 00:19:25,Normal,Attack,Normal,Normal
2026-07-08 00:19:25,Attack,Attack,Normal,Attack
2026-07-08 00:19:25,Attack,Attack,Attack,Attack
2026-07-08 00:19:25,Attack,Attack,Attack,Attack
2026-07-08 00:19:25,Attack,Attack,Attack,Attack
2026-07-08 00:19:25,Attack,Attack,Attack,Attack
2026-07-08 00:19:25,Attack,Attack,Attack,Attack
2026-07-08 00:19:25,Attack,Attack,Normal,Attack
2026-07-08 09:49:39,Normal,Attack,Normal,Normal
2026-07-08 09:49:39,Attack,Attack,Attack,Attack
2026-07-08 09:49:39,Attack,Attack,Attack,Attack
2026-07-08 09:49:39,Attack,Attack,Attack,Attack
2026-07-08 09:49:39,Attack,Attack,Normal,Attack
2026-07-08 09:49:39,Attack,Attack,Normal,Attack
2026-07-08 09:49:39,Attack,Attack,Attack,Attack
2026-07-08 09:49:39,Normal,Attack,Normal,Normal
2026-07-08 09:49:39,Normal,Normal,Normal,Normal
2026-07-08 09:49:39,Attack,Attack,Attack,Attack
2026-07-08 09:49:39,Attack,Normal,Attack,Attack
2026-07-08 09:49:39,Normal,Attack,Normal,Normal
2026-07-08 09:49:39,Normal,Attack,Normal,Normal
2026-07-08 09:49:39,Attack,Attack,Attack,Attack
2026-07-08 09:49:39,Attack,Normal,Attack,Attack
2026-07-08 09:49:39,Attack,Attack,Normal,Attack
2026-07-08 09:49:39,Attack,Attack,Attack,Attack
2026-07-08 09:49:39,Normal,Attack,Normal,Normal
2026-07-08 09:49:39,Normal,Attack,Attack,Attack
2026-07-08 09:49:39,Attack,Attack,Attack,Attack
2026-07-08 09:49:39,Attack,Attack,Attack,Attack
2026-07-08 09:49:39,Attack,Attack,Normal,Attack
2026-07-08 09:49:39,Attack,Attack,Attack,Attack
2026-07-08 09:49:41,Normal,Normal,Normal,Normal
2026-07-08 09:49:43,Attack,Attack,Attack,Attack
2026-07-08 09:49:45,Attack,Attack,Attack,Attack
2026-07-08 09:49:47,Attack,Attack,Attack,Attack
2026-07-08 09:49:50,Normal,Normal,Attack,Normal
2026-07-08 09:49:52,Normal,Normal,Normal,Normal
2026-07-08 09:49:54,Normal,Normal,Normal,Normal
2026-07-08 09:49:56,Attack,Attack,Normal,Attack
2026-07-08 09:49:58,Normal,Attack,Attack,Attack
2026-07-08 09:49:58,Attack,Attack,Attack,Attack
2026-07-08 09:50:00,Attack,Normal,Attack,Attack
2026-07-08 09:50:02,Attack,Attack,Attack,Attack
2026-07-08 09:50:04,Attack,Attack,Normal,Attack
2026-07-08 09:50:06,Attack,Attack,Attack,Attack
2026-07-08 09:50:08,Attack,Attack,Attack,Attack
2026-07-08 09:50:10,Attack,Attack,Attack,Attack
2026-07-08 09:50:13,Attack,Attack,Normal,Attack
2026-07-08 09:50:15,Normal,Normal,Normal,Normal
2026-07-08 09:50:17,Normal,Attack,Normal,Normal
2026-07-08 09:50:19,Attack,Attack,Attack,Attack
2026-07-08 09:50:21,Normal,Normal,Attack,Normal
2026-07-08 09:50:23,Attack,Attack,Attack,Attack
2026-07-08 09:50:25,Attack,Attack,Attack,Attack
2026-07-08 09:50:27,Attack,Attack,Attack,Attack
2026-07-08 09:50:29,Attack,Attack,Attack,Attack
2026-07-08 09:50:31,Normal,Attack,Attack,Attack
2026-07-08 09:50:33,Attack,Normal,Attack,Attack
2026-07-08 09:50:36,Attack,Attack,Attack,Attack
2026-07-08 09:50:38,Attack,Attack,Normal,Attack
2026-07-08 09:50:40,Attack,Attack,Normal,Attack
2026-07-08 09:50:42,Attack,Attack,Attack,Attack
2026-07-08 09:50:44,Normal,Attack,Attack,Attack
2026-07-08 09:50:44,Attack,Attack,Attack,Attack
2026-07-08 09:50:46,Attack,Attack,Attack,Attack
2026-07-08 09:50:48,Normal,Attack,Normal,Normal
2026-07-08 09:50:50,Attack,Attack,Attack,Attack
2026-07-08 09:50:52,Attack,Attack,Normal,Attack
2026-07-08 09:50:54,Attack,Attack,Normal,Attack
2026-07-08 09:50:56,Attack,Attack,Attack,Attack
2026-07-08 09:50:59,Attack,Attack,Attack,Attack
2026-07-08 09:51:01,Attack,Attack,Normal,Attack
2026-07-08 09:51:03,Normal,Attack,Normal,Normal
2026-07-08 19:04:50,Normal,Attack,Normal,Normal
2026-07-08 19:04:50,Attack,Attack,Attack,Attack
2026-07-08 19:04:50,Attack,Attack,Attack,Attack
2026-07-08 19:04:50,Attack,Attack,Attack,Attack
2026-07-08 19:04:50,Attack,Attack,Normal,Attack
2026-07-08 19:04:50,Attack,Attack,Normal,Attack
2026-07-08 19:04:50,Attack,Attack,Attack,Attack
2026-07-08 19:04:50,Normal,Attack,Normal,Normal
2026-07-08 19:04:50,Normal,Normal,Normal,Normal
2026-07-08 19:04:50,Attack,Attack,Attack,Attack
2026-07-08 19:04:50,Attack,Normal,Attack,Attack
2026-07-08 19:04:50,Normal,Attack,Normal,Normal
2026-07-08 19:04:50,Normal,Attack,Normal,Normal
2026-07-08 19:04:50,Attack,Attack,Attack,Attack
2026-07-08 19:04:50,Attack,Normal,Attack,Attack
2026-07-08 19:04:50,Attack,Attack,Normal,Attack
2026-07-08 19:04:50,Attack,Attack,Attack,Attack
2026-07-08 19:04:50,Normal,Attack,Normal,Normal
2026-07-08 19:04:50,Normal,Attack,Attack,Attack
2026-07-08 19:04:50,Attack,Attack,Attack,Attack
2026-07-08 19:04:50,Attack,Attack,Attack,Attack
2026-07-08 19:04:50,Attack,Attack,Normal,Attack
2026-07-08 19:04:50,Attack,Attack,Attack,Attack
2026-07-08 19:04:50,Normal,Normal,Normal,Normal
2026-07-08 19:04:50,Attack,Attack,Attack,Attack
2026-07-08 19:04:50,Attack,Attack,Attack,Attack
2026-07-08 19:04:50,Attack,Attack,Attack,Attack
2026-07-08 19:04:50,Normal,Normal,Attack,Normal
2026-07-08 19:04:50,Normal,Normal,Normal,Normal
2026-07-08 19:04:50,Normal,Normal,Normal,Normal
2026-07-08 19:04:50,Attack,Attack,Normal,Attack
2026-07-08 19:04:50,Normal,Attack,Attack,Attack
2026-07-08 19:04:50,Attack,Attack,Attack,Attack
2026-07-08 19:04:50,Attack,Normal,Attack,Attack
2026-07-08 19:04:50,Attack,Attack,Attack,Attack
2026-07-08 19:04:50,Attack,Attack,Normal,Attack
2026-07-08 19:04:50,Attack,Attack,Attack,Attack
2026-07-08 19:04:50,Attack,Attack,Attack,Attack
2026-07-08 19:04:50,Attack,Attack,Attack,Attack
2026-07-08 19:04:50,Attack,Attack,Normal,Attack
2026-07-08 19:04:50,Normal,Normal,Normal,Normal
2026-07-08 19:04:50,Normal,Attack,Normal,Normal
2026-07-08 19:04:50,Attack,Attack,Attack,Attack
2026-07-08 19:04:50,Normal,Normal,Attack,Normal
2026-07-08 19:04:50,Attack,Attack,Attack,Attack
2026-07-08 19:04:50,Attack,Attack,Attack,Attack
2026-07-08 19:04:50,Attack,Attack,Attack,Attack
2026-07-08 19:04:50,Attack,Attack,Attack,Attack
2026-07-08 19:04:50,Normal,Attack,Attack,Attack
2026-07-08 19:04:50,Attack,Normal,Attack,Attack
2026-07-08 19:04:50,Attack,Attack,Attack,Attack
2026-07-08 19:04:50,Attack,Attack,Normal,Attack
2026-07-08 19:04:50,Attack,Attack,Normal,Attack
2026-07-08 19:04:50,Attack,Attack,Attack,Attack
2026-07-08 19:04:50,Normal,Attack,Attack,Attack
2026-07-08 19:04:50,Attack,Attack,Attack,Attack
2026-07-08 19:04:50,Attack,Attack,Attack,Attack
2026-07-08 19:04:50,Normal,Attack,Normal,Normal
2026-07-08 19:04:50,Attack,Attack,Attack,Attack
2026-07-08 19:04:50,Attack,Attack,Normal,Attack
2026-07-08 19:04:50,Attack,Attack,Normal,Attack
2026-07-08 19:04:50,Attack,Attack,Attack,Attack
2026-07-08 19:04:50,Attack,Attack,Attack,Attack
2026-07-08 19:04:50,Attack,Attack,Normal,Attack
2026-07-08 19:04:50,Normal,Attack,Normal,Normal
2026-07-08 19:04:50,Normal,Attack,Normal,Normal
2026-07-08 19:32:27,Normal,Attack,Normal,Normal
2026-07-08 19:32:27,Attack,Attack,Attack,Attack
2026-07-08 19:32:27,Attack,Attack,Attack,Attack
2026-07-08 19:32:27,Attack,Attack,Attack,Attack
2026-07-08 19:32:27,Attack,Attack,Normal,Attack
2026-07-08 19:32:27,Attack,Attack,Normal,Attack
2026-07-08 19:32:27,Attack,Attack,Attack,Attack
2026-07-08 19:32:27,Normal,Attack,Normal,Normal
2026-07-08 19:32:27,Normal,Normal,Normal,Normal
2026-07-08 19:32:27,Attack,Attack,Attack,Attack
2026-07-08 19:32:27,Attack,Normal,Attack,Attack
2026-07-08 19:32:27,Normal,Attack,Normal,Normal
2026-07-08 19:32:27,Normal,Attack,Normal,Normal
2026-07-08 19:32:27,Attack,Attack,Attack,Attack
2026-07-08 19:32:27,Attack,Normal,Attack,Attack
2026-07-08 19:32:27,Attack,Attack,Normal,Attack
2026-07-08 19:32:27,Attack,Attack,Attack,Attack
2026-07-08 19:32:27,Normal,Attack,Normal,Normal
2026-07-08 19:32:27,Normal,Attack,Attack,Attack
2026-07-08 19:32:27,Attack,Attack,Attack,Attack
2026-07-08 19:32:27,Attack,Attack,Attack,Attack
2026-07-08 19:32:27,Attack,Attack,Normal,Attack
2026-07-08 19:32:27,Attack,Attack,Attack,Attack
2026-07-08 19:32:27,Normal,Normal,Normal,Normal
2026-07-08 19:32:27,Attack,Attack,Attack,Attack
2026-07-08 19:32:27,Attack,Attack,Attack,Attack
2026-07-08 19:32:27,Attack,Attack,Attack,Attack
2026-07-08 19:32:27,Normal,Normal,Attack,Normal
2026-07-08 19:32:27,Normal,Normal,Normal,Normal
2026-07-08 19:32:27,Normal,Normal,Normal,Normal
2026-07-08 19:32:27,Attack,Attack,Normal,Attack
2026-07-08 19:32:27,Normal,Attack,Attack,Attack
2026-07-08 19:32:27,Attack,Attack,Attack,Attack
2026-07-08 19:32:27,Attack,Normal,Attack,Attack
2026-07-08 19:32:27,Attack,Attack,Attack,Attack
2026-07-08 19:32:27,Attack,Attack,Normal,Attack
2026-07-08 19:32:27,Attack,Attack,Attack,Attack
2026-07-08 19:32:27,Attack,Attack,Attack,Attack
2026-07-08 19:32:27,Attack,Attack,Attack,Attack
2026-07-08 19:32:27,Attack,Attack,Normal,Attack
2026-07-08 19:32:27,Normal,Normal,Normal,Normal
2026-07-08 19:32:27,Normal,Attack,Normal,Normal
2026-07-08 19:32:27,Attack,Attack,Attack,Attack
2026-07-08 19:32:27,Normal,Normal,Attack,Normal
2026-07-08 19:32:27,Attack,Attack,Attack,Attack
2026-07-08 19:32:27,Attack,Attack,Attack,Attack
2026-07-08 19:32:27,Attack,Attack,Attack,Attack
2026-07-08 19:32:27,Attack,Attack,Attack,Attack
2026-07-08 19:32:27,Normal,Attack,Attack,Attack
2026-07-08 19:32:27,Attack,Normal,Attack,Attack
2026-07-08 19:32:27,Attack,Attack,Attack,Attack
2026-07-08 19:32:27,Attack,Attack,Normal,Attack
2026-07-08 19:32:27,Attack,Attack,Normal,Attack
2026-07-08 19:32:27,Attack,Attack,Attack,Attack
2026-07-08 19:32:27,Normal,Attack,Attack,Attack
2026-07-08 19:32:27,Attack,Attack,Attack,Attack
2026-07-08 19:32:27,Attack,Attack,Attack,Attack
2026-07-08 19:32:27,Normal,Attack,Normal,Normal
2026-07-08 19:32:27,Attack,Attack,Attack,Attack
2026-07-08 19:32:27,Attack,Attack,Normal,Attack
2026-07-08 19:32:27,Attack,Attack,Normal,Attack
2026-07-08 19:32:27,Attack,Attack,Attack,Attack
2026-07-08 19:32:27,Attack,Attack,Attack,Attack
2026-07-08 19:32:27,Attack,Attack,Normal,Attack
2026-07-08 19:32:27,Normal,Attack,Normal,Normal
2026-07-08 19:32:27,Normal,Attack,Normal,Normal
2026-07-08 19:42:03,Normal,Attack,Normal,Normal
2026-07-08 19:42:03,Attack,Attack,Attack,Attack
2026-07-08 19:42:03,Attack,Attack,Attack,Attack
2026-07-08 19:42:03,Attack,Attack,Attack,Attack
2026-07-08 19:42:03,Attack,Attack,Normal,Attack
2026-07-08 19:42:03,Attack,Attack,Normal,Attack
2026-07-08 19:42:03,Attack,Attack,Attack,Attack
2026-07-08 19:42:03,Normal,Attack,Normal,Normal
2026-07-08 19:42:03,Normal,Normal,Normal,Normal
2026-07-08 19:42:03,Attack,Attack,Attack,Attack
2026-07-08 19:42:03,Attack,Normal,Attack,Attack
2026-07-08 19:42:03,Normal,Attack,Normal,Normal
2026-07-08 19:42:03,Normal,Attack,Normal,Normal
2026-07-08 19:42:03,Attack,Attack,Attack,Attack
2026-07-08 19:42:03,Attack,Normal,Attack,Attack
2026-07-08 19:42:03,Attack,Attack,Normal,Attack
2026-07-08 19:42:03,Attack,Attack,Attack,Attack
2026-07-08 19:42:03,Normal,Attack,Normal,Normal
2026-07-08 19:42:03,Normal,Attack,Attack,Attack
2026-07-08 19:42:03,Attack,Attack,Attack,Attack
2026-07-08 19:42:03,Attack,Attack,Attack,Attack
2026-07-08 19:42:03,Attack,Attack,Normal,Attack
2026-07-08 19:42:04,Attack,Attack,Attack,Attack
2026-07-08 19:42:04,Normal,Normal,Normal,Normal
2026-07-08 19:42:04,Attack,Attack,Attack,Attack
2026-07-08 19:42:04,Attack,Attack,Attack,Attack
2026-07-08 19:42:04,Attack,Attack,Attack,Attack
2026-07-08 19:42:04,Normal,Normal,Attack,Normal
2026-07-08 19:42:04,Normal,Normal,Normal,Normal
2026-07-08 19:42:04,Normal,Normal,Normal,Normal
2026-07-08 19:42:04,Attack,Attack,Normal,Attack
2026-07-08 19:42:04,Normal,Attack,Attack,Attack
2026-07-08 19:42:04,Attack,Attack,Attack,Attack
2026-07-08 19:42:04,Attack,Normal,Attack,Attack
2026-07-08 19:42:04,Attack,Attack,Attack,Attack
2026-07-08 19:42:04,Attack,Attack,Normal,Attack
2026-07-08 19:42:04,Attack,Attack,Attack,Attack
2026-07-08 19:42:04,Attack,Attack,Attack,Attack
2026-07-08 19:42:04,Attack,Attack,Attack,Attack
2026-07-08 19:42:04,Attack,Attack,Normal,Attack
2026-07-08 19:42:04,Normal,Normal,Normal,Normal
2026-07-08 19:42:04,Normal,Attack,Normal,Normal
2026-07-08 19:42:04,Attack,Attack,Attack,Attack
2026-07-08 19:42:04,Normal,Normal,Attack,Normal
2026-07-08 19:42:04,Attack,Attack,Attack,Attack
2026-07-08 19:42:04,Attack,Attack,Attack,Attack
2026-07-08 19:42:04,Attack,Attack,Attack,Attack
2026-07-08 19:42:04,Attack,Attack,Attack,Attack
2026-07-08 19:42:04,Normal,Attack,Attack,Attack
2026-07-08 19:42:04,Attack,Normal,Attack,Attack
2026-07-08 19:42:04,Attack,Attack,Attack,Attack
2026-07-08 19:42:04,Attack,Attack,Normal,Attack
2026-07-08 19:42:04,Attack,Attack,Normal,Attack
2026-07-08 19:42:04,Attack,Attack,Attack,Attack
2026-07-08 19:42:04,Normal,Attack,Attack,Attack
2026-07-08 19:42:04,Attack,Attack,Attack,Attack
2026-07-08 19:42:04,Attack,Attack,Attack,Attack
2026-07-08 19:42:04,Normal,Attack,Normal,Normal
2026-07-08 19:42:04,Attack,Attack,Attack,Attack
2026-07-08 19:42:04,Attack,Attack,Normal,Attack
2026-07-08 19:42:04,Attack,Attack,Normal,Attack
2026-07-08 19:42:04,Attack,Attack,Attack,Attack
2026-07-08 19:42:04,Attack,Attack,Attack,Attack
2026-07-08 19:42:04,Attack,Attack,Normal,Attack
2026-07-08 19:42:04,Normal,Attack,Normal,Normal
2026-07-08 19:42:04,Normal,Attack,Normal,Normal
2026-07-08 20:09:04,Normal,Attack,Normal,Normal
2026-07-08 20:09:04,Attack,Attack,Attack,Attack
2026-07-08 20:09:04,Attack,Attack,Attack,Attack
2026-07-08 20:09:04,Attack,Attack,Attack,Attack
2026-07-08 20:09:04,Attack,Attack,Normal,Attack
2026-07-08 20:09:04,Attack,Attack,Normal,Attack
2026-07-08 20:09:04,Attack,Attack,Attack,Attack
2026-07-08 20:09:04,Normal,Attack,Normal,Normal
2026-07-08 20:09:04,Normal,Normal,Normal,Normal
2026-07-08 20:09:04,Attack,Attack,Attack,Attack
2026-07-08 20:09:04,Attack,Normal,Attack,Attack
2026-07-08 20:09:04,Normal,Attack,Normal,Normal
2026-07-08 20:09:04,Normal,Attack,Normal,Normal
2026-07-08 20:09:04,Attack,Attack,Attack,Attack
2026-07-08 20:09:04,Attack,Normal,Attack,Attack
2026-07-08 20:09:04,Attack,Attack,Normal,Attack
2026-07-08 20:09:04,Attack,Attack,Attack,Attack
2026-07-08 20:09:04,Normal,Attack,Normal,Normal
2026-07-08 20:09:04,Normal,Attack,Attack,Attack
2026-07-08 20:09:04,Attack,Attack,Attack,Attack
2026-07-08 20:09:04,Attack,Attack,Attack,Attack
2026-07-08 20:09:04,Attack,Attack,Normal,Attack
2026-07-08 20:09:04,Attack,Attack,Attack,Attack
2026-07-08 20:09:04,Normal,Normal,Normal,Normal
2026-07-08 20:09:04,Attack,Attack,Attack,Attack
2026-07-08 20:09:04,Attack,Attack,Attack,Attack
2026-07-08 20:09:04,Attack,Attack,Attack,Attack
2026-07-08 20:09:05,Normal,Normal,Attack,Normal
2026-07-08 20:09:05,Normal,Normal,Normal,Normal
2026-07-08 20:09:05,Normal,Normal,Normal,Normal
2026-07-08 20:09:05,Attack,Attack,Normal,Attack
2026-07-08 20:09:05,Normal,Attack,Attack,Attack
2026-07-08 20:09:05,Attack,Attack,Attack,Attack
2026-07-08 20:09:05,Attack,Normal,Attack,Attack
2026-07-08 20:09:05,Attack,Attack,Attack,Attack
2026-07-08 20:09:05,Attack,Attack,Normal,Attack
2026-07-08 20:09:05,Attack,Attack,Attack,Attack
2026-07-08 20:09:05,Attack,Attack,Attack,Attack
2026-07-08 20:09:05,Attack,Attack,Attack,Attack
2026-07-08 20:09:05,Attack,Attack,Normal,Attack
2026-07-08 20:09:05,Normal,Normal,Normal,Normal
2026-07-08 20:09:05,Normal,Attack,Normal,Normal
2026-07-08 20:09:05,Attack,Attack,Attack,Attack
2026-07-08 20:09:05,Normal,Normal,Attack,Normal
2026-07-08 20:09:05,Attack,Attack,Attack,Attack
2026-07-08 20:09:05,Attack,Attack,Attack,Attack
2026-07-08 20:09:05,Attack,Attack,Attack,Attack
2026-07-08 20:09:05,Attack,Attack,Attack,Attack
2026-07-08 20:09:05,Normal,Attack,Attack,Attack
2026-07-08 20:09:05,Attack,Normal,Attack,Attack
2026-07-08 20:09:05,Attack,Attack,Attack,Attack
2026-07-08 20:09:05,Attack,Attack,Normal,Attack
2026-07-08 20:09:05,Attack,Attack,Normal,Attack
2026-07-08 20:09:05,Attack,Attack,Attack,Attack
2026-07-08 20:09:05,Normal,Attack,Attack,Attack
2026-07-08 20:09:05,Attack,Attack,Attack,Attack
2026-07-08 20:09:05,Attack,Attack,Attack,Attack
2026-07-08 20:09:05,Normal,Attack,Normal,Normal
2026-07-08 20:09:05,Attack,Attack,Attack,Attack
2026-07-08 20:09:05,Attack,Attack,Normal,Attack
2026-07-08 20:09:05,Attack,Attack,Normal,Attack
2026-07-08 20:09:05,Attack,Attack,Attack,Attack
2026-07-08 20:09:05,Attack,Attack,Attack,Attack
2026-07-08 20:09:05,Attack,Attack,Normal,Attack
2026-07-08 20:09:05,Normal,Attack,Normal,Normal
2026-07-08 20:09:05,Normal,Attack,Normal,Normal
2026-07-08 20:17:59,Normal,Attack,Normal,Normal
2026-07-08 20:17:59,Attack,Attack,Attack,Attack
2026-07-08 20:17:59,Attack,Attack,Attack,Attack
2026-07-08 20:17:59,Attack,Attack,Attack,Attack
2026-07-08 20:17:59,Attack,Attack,Normal,Attack
2026-07-08 20:17:59,Attack,Attack,Normal,Attack
2026-07-08 20:17:59,Attack,Attack,Attack,Attack
2026-07-08 20:17:59,Normal,Attack,Normal,Normal
2026-07-08 20:17:59,Normal,Normal,Normal,Normal
2026-07-08 20:17:59,Attack,Attack,Attack,Attack
2026-07-08 20:17:59,Attack,Normal,Attack,Attack
2026-07-08 20:18:00,Normal,Attack,Normal,Normal
2026-07-08 20:18:00,Normal,Attack,Normal,Normal
2026-07-08 20:18:00,Attack,Attack,Attack,Attack
2026-07-08 20:18:00,Attack,Normal,Attack,Attack
2026-07-08 20:18:00,Attack,Attack,Normal,Attack
2026-07-08 20:18:00,Attack,Attack,Attack,Attack
2026-07-08 20:18:00,Normal,Attack,Normal,Normal
2026-07-08 20:18:00,Normal,Attack,Attack,Attack
2026-07-08 20:18:00,Attack,Attack,Attack,Attack
2026-07-08 20:18:00,Attack,Attack,Attack,Attack
2026-07-08 20:18:00,Attack,Attack,Normal,Attack
2026-07-08 20:18:00,Attack,Attack,Attack,Attack
2026-07-08 20:18:00,Normal,Normal,Normal,Normal
2026-07-08 20:18:00,Attack,Attack,Attack,Attack
2026-07-08 20:18:00,Attack,Attack,Attack,Attack
2026-07-08 20:18:00,Attack,Attack,Attack,Attack
2026-07-08 20:18:00,Normal,Normal,Attack,Normal
2026-07-08 20:18:00,Normal,Normal,Normal,Normal
2026-07-08 20:18:00,Normal,Normal,Normal,Normal
2026-07-08 20:18:00,Attack,Attack,Normal,Attack
2026-07-08 20:18:00,Normal,Attack,Attack,Attack
2026-07-08 20:18:00,Attack,Attack,Attack,Attack
2026-07-08 20:18:00,Attack,Normal,Attack,Attack
2026-07-08 20:18:00,Attack,Attack,Attack,Attack
2026-07-08 20:18:00,Attack,Attack,Normal,Attack
2026-07-08 20:18:00,Attack,Attack,Attack,Attack
2026-07-08 20:18:00,Attack,Attack,Attack,Attack
2026-07-08 20:18:00,Attack,Attack,Attack,Attack
2026-07-08 20:18:00,Attack,Attack,Normal,Attack
2026-07-08 20:18:00,Normal,Normal,Normal,Normal
2026-07-08 20:18:00,Normal,Attack,Normal,Normal
2026-07-08 20:18:00,Attack,Attack,Attack,Attack
2026-07-08 20:18:00,Normal,Normal,Attack,Normal
2026-07-08 20:18:00,Attack,Attack,Attack,Attack
2026-07-08 20:18:00,Attack,Attack,Attack,Attack
2026-07-08 20:18:00,Attack,Attack,Attack,Attack
2026-07-08 20:18:00,Attack,Attack,Attack,Attack
2026-07-08 20:18:00,Normal,Attack,Attack,Attack
2026-07-08 20:18:00,Attack,Normal,Attack,Attack
2026-07-08 20:18:00,Attack,Attack,Attack,Attack
2026-07-08 20:18:00,Attack,Attack,Normal,Attack
2026-07-08 20:18:00,Attack,Attack,Normal,Attack
2026-07-08 20:18:00,Attack,Attack,Attack,Attack
2026-07-08 20:18:00,Normal,Attack,Attack,Attack
2026-07-08 20:18:00,Attack,Attack,Attack,Attack
2026-07-08 20:18:00,Attack,Attack,Attack,Attack
2026-07-08 20:18:00,Normal,Attack,Normal,Normal
2026-07-08 20:18:00,Attack,Attack,Attack,Attack
2026-07-08 20:18:00,Attack,Attack,Normal,Attack
2026-07-08 20:18:00,Attack,Attack,Normal,Attack
2026-07-08 20:18:00,Attack,Attack,Attack,Attack
2026-07-08 20:18:00,Attack,Attack,Attack,Attack
2026-07-08 20:18:00,Attack,Attack,Normal,Attack
2026-07-08 20:18:00,Normal,Attack,Normal,Normal
2026-07-08 20:18:00,Normal,Attack,Normal,Normal
2026-07-08 20:48:27,Normal,Attack,Normal,Normal
2026-07-08 20:48:27,Attack,Attack,Attack,Attack
2026-07-08 20:48:27,Attack,Attack,Attack,Attack
2026-07-08 20:48:27,Attack,Attack,Attack,Attack
2026-07-08 20:48:27,Attack,Attack,Normal,Attack
2026-07-08 20:48:27,Attack,Attack,Normal,Attack
2026-07-08 20:48:27,Attack,Attack,Attack,Attack
2026-07-08 20:48:27,Normal,Attack,Normal,Normal
2026-07-08 20:48:27,Normal,Normal,Normal,Normal
2026-07-08 20:48:27,Attack,Attack,Attack,Attack
2026-07-08 20:48:27,Attack,Normal,Attack,Attack
2026-07-08 20:48:27,Normal,Attack,Normal,Normal
2026-07-08 20:48:27,Normal,Attack,Normal,Normal
2026-07-08 20:48:27,Attack,Attack,Attack,Attack
2026-07-08 20:48:27,Attack,Normal,Attack,Attack
2026-07-08 20:48:27,Attack,Attack,Normal,Attack
2026-07-08 20:48:27,Attack,Attack,Attack,Attack
2026-07-08 20:48:27,Normal,Attack,Normal,Normal
2026-07-08 20:48:28,Normal,Attack,Attack,Attack
2026-07-08 20:48:28,Attack,Attack,Attack,Attack
2026-07-08 20:48:28,Attack,Attack,Attack,Attack
2026-07-08 20:48:28,Attack,Attack,Normal,Attack
2026-07-08 20:48:28,Attack,Attack,Attack,Attack
2026-07-08 20:48:28,Normal,Normal,Normal,Normal
2026-07-08 20:48:28,Attack,Attack,Attack,Attack
2026-07-08 20:48:28,Attack,Attack,Attack,Attack
2026-07-08 20:48:28,Attack,Attack,Attack,Attack
2026-07-08 20:48:28,Normal,Normal,Attack,Normal
2026-07-08 20:48:28,Normal,Normal,Normal,Normal
2026-07-08 20:48:28,Normal,Normal,Normal,Normal
2026-07-08 20:48:28,Attack,Attack,Normal,Attack
2026-07-08 20:48:28,Normal,Attack,Attack,Attack
2026-07-08 20:48:28,Attack,Attack,Attack,Attack
2026-07-08 20:48:28,Attack,Normal,Attack,Attack
2026-07-08 20:48:28,Attack,Attack,Attack,Attack
2026-07-08 20:48:28,Attack,Attack,Normal,Attack
2026-07-08 20:48:28,Attack,Attack,Attack,Attack
2026-07-08 20:48:28,Attack,Attack,Attack,Attack
2026-07-08 20:48:28,Attack,Attack,Attack,Attack
2026-07-08 20:48:28,Attack,Attack,Normal,Attack
2026-07-08 20:48:28,Normal,Normal,Normal,Normal
2026-07-08 20:48:28,Normal,Attack,Normal,Normal
2026-07-08 20:48:28,Attack,Attack,Attack,Attack
2026-07-08 20:48:28,Normal,Normal,Attack,Normal
2026-07-08 20:48:28,Attack,Attack,Attack,Attack
2026-07-08 20:48:28,Attack,Attack,Attack,Attack
2026-07-08 20:48:28,Attack,Attack,Attack,Attack
2026-07-08 20:48:28,Attack,Attack,Attack,Attack
2026-07-08 20:48:28,Normal,Attack,Attack,Attack
2026-07-08 20:48:28,Attack,Normal,Attack,Attack
2026-07-08 20:48:28,Attack,Attack,Attack,Attack
2026-07-08 20:48:28,Attack,Attack,Normal,Attack
2026-07-08 20:48:28,Attack,Attack,Normal,Attack
2026-07-08 20:48:28,Attack,Attack,Attack,Attack
2026-07-08 20:48:28,Normal,Attack,Attack,Attack
2026-07-08 20:48:28,Attack,Attack,Attack,Attack
2026-07-08 20:48:28,Attack,Attack,Attack,Attack
2026-07-08 20:48:28,Normal,Attack,Normal,Normal
2026-07-08 20:48:28,Attack,Attack,Attack,Attack
2026-07-08 20:48:28,Attack,Attack,Normal,Attack
2026-07-08 20:48:28,Attack,Attack,Normal,Attack
2026-07-08 20:48:28,Attack,Attack,Attack,Attack
2026-07-08 20:48:28,Attack,Attack,Attack,Attack
2026-07-08 20:48:28,Attack,Attack,Normal,Attack
2026-07-08 20:48:28,Normal,Attack,Normal,Normal
2026-07-08 20:48:28,Normal,Attack,Normal,Normal
2026-07-08 20:59:29,Normal,Attack,Normal,Normal
2026-07-08 20:59:29,Attack,Attack,Attack,Attack
2026-07-08 20:59:29,Attack,Attack,Attack,Attack
2026-07-08 20:59:29,Attack,Attack,Attack,Attack
2026-07-08 20:59:29,Attack,Attack,Normal,Attack
2026-07-08 20:59:29,Attack,Attack,Normal,Attack
2026-07-08 20:59:29,Attack,Attack,Attack,Attack
2026-07-08 20:59:29,Normal,Attack,Normal,Normal
2026-07-08 20:59:29,Normal,Normal,Normal,Normal
2026-07-08 20:59:29,Attack,Attack,Attack,Attack
2026-07-08 20:59:29,Attack,Normal,Attack,Attack
2026-07-08 20:59:29,Normal,Attack,Normal,Normal
2026-07-08 20:59:29,Normal,Attack,Normal,Normal
2026-07-08 20:59:29,Attack,Attack,Attack,Attack
2026-07-08 20:59:29,Attack,Normal,Attack,Attack
2026-07-08 20:59:29,Attack,Attack,Normal,Attack
2026-07-08 20:59:29,Attack,Attack,Attack,Attack
2026-07-08 20:59:29,Normal,Attack,Normal,Normal
2026-07-08 20:59:29,Normal,Attack,Attack,Attack
2026-07-08 20:59:29,Attack,Attack,Attack,Attack
2026-07-08 20:59:29,Attack,Attack,Attack,Attack
2026-07-08 20:59:29,Attack,Attack,Normal,Attack
2026-07-08 20:59:29,Attack,Attack,Attack,Attack
2026-07-08 20:59:29,Normal,Normal,Normal,Normal
2026-07-08 20:59:29,Attack,Attack,Attack,Attack
2026-07-08 20:59:29,Attack,Attack,Attack,Attack
2026-07-08 20:59:29,Attack,Attack,Attack,Attack
2026-07-08 20:59:29,Normal,Normal,Attack,Normal
2026-07-08 20:59:29,Normal,Normal,Normal,Normal
2026-07-08 20:59:29,Normal,Normal,Normal,Normal
2026-07-08 20:59:29,Attack,Attack,Normal,Attack
2026-07-08 20:59:29,Normal,Attack,Attack,Attack
2026-07-08 20:59:29,Attack,Attack,Attack,Attack
2026-07-08 20:59:29,Attack,Normal,Attack,Attack
2026-07-08 20:59:29,Attack,Attack,Attack,Attack
2026-07-08 20:59:29,Attack,Attack,Normal,Attack
2026-07-08 20:59:29,Attack,Attack,Attack,Attack
2026-07-08 20:59:29,Attack,Attack,Attack,Attack
2026-07-08 20:59:29,Attack,Attack,Attack,Attack
2026-07-08 20:59:29,Attack,Attack,Normal,Attack
2026-07-08 20:59:29,Normal,Normal,Normal,Normal
2026-07-08 20:59:29,Normal,Attack,Normal,Normal
2026-07-08 20:59:29,Attack,Attack,Attack,Attack
2026-07-08 20:59:29,Normal,Normal,Attack,Normal
2026-07-08 20:59:29,Attack,Attack,Attack,Attack
2026-07-08 20:59:29,Attack,Attack,Attack,Attack
2026-07-08 20:59:29,Attack,Attack,Attack,Attack
2026-07-08 20:59:29,Attack,Attack,Attack,Attack
2026-07-08 20:59:29,Normal,Attack,Attack,Attack
2026-07-08 20:59:29,Attack,Normal,Attack,Attack
2026-07-08 20:59:29,Attack,Attack,Attack,Attack
2026-07-08 20:59:29,Attack,Attack,Normal,Attack
2026-07-08 20:59:29,Attack,Attack,Normal,Attack
2026-07-08 20:59:29,Attack,Attack,Attack,Attack
2026-07-08 20:59:29,Normal,Attack,Attack,Attack
2026-07-08 20:59:29,Attack,Attack,Attack,Attack
2026-07-08 20:59:29,Attack,Attack,Attack,Attack
2026-07-08 20:59:29,Normal,Attack,Normal,Normal
2026-07-08 20:59:29,Attack,Attack,Attack,Attack
2026-07-08 20:59:29,Attack,Attack,Normal,Attack
2026-07-08 20:59:29,Attack,Attack,Normal,Attack
2026-07-08 20:59:29,Attack,Attack,Attack,Attack
2026-07-08 20:59:29,Attack,Attack,Attack,Attack
2026-07-08 20:59:29,Attack,Attack,Normal,Attack
2026-07-08 20:59:29,Normal,Attack,Normal,Normal
2026-07-08 20:59:29,Normal,Attack,Normal,Normal
2026-07-08 21:11:17,Normal,Attack,Normal,Normal
2026-07-08 21:11:17,Attack,Attack,Attack,Attack
2026-07-08 21:11:17,Attack,Attack,Attack,Attack
2026-07-08 21:11:17,Attack,Attack,Attack,Attack
2026-07-08 21:11:17,Attack,Attack,Normal,Attack
2026-07-08 21:11:17,Attack,Attack,Normal,Attack
2026-07-08 21:11:17,Attack,Attack,Attack,Attack
2026-07-08 21:11:17,Normal,Attack,Normal,Normal
2026-07-08 21:11:17,Normal,Normal,Normal,Normal
2026-07-08 21:11:17,Attack,Attack,Attack,Attack
2026-07-08 21:11:17,Attack,Normal,Attack,Attack
2026-07-08 21:11:17,Normal,Attack,Normal,Normal
2026-07-08 21:11:17,Normal,Attack,Normal,Normal
2026-07-08 21:11:17,Attack,Attack,Attack,Attack
2026-07-08 21:11:17,Attack,Normal,Attack,Attack
2026-07-08 21:11:17,Attack,Attack,Normal,Attack
2026-07-08 21:11:17,Attack,Attack,Attack,Attack
2026-07-08 21:11:17,Normal,Attack,Normal,Normal
2026-07-08 21:11:17,Normal,Attack,Attack,Attack
2026-07-08 21:11:17,Attack,Attack,Attack,Attack
2026-07-08 21:11:17,Attack,Attack,Attack,Attack
2026-07-08 21:11:17,Attack,Attack,Normal,Attack
2026-07-08 21:11:17,Attack,Attack,Attack,Attack
2026-07-08 21:11:17,Normal,Normal,Normal,Normal
2026-07-08 21:11:17,Attack,Attack,Attack,Attack
2026-07-08 21:11:17,Attack,Attack,Attack,Attack
2026-07-08 21:11:17,Attack,Attack,Attack,Attack
2026-07-08 21:11:17,Normal,Normal,Attack,Normal
2026-07-08 21:11:17,Normal,Normal,Normal,Normal
2026-07-08 21:11:17,Normal,Normal,Normal,Normal
2026-07-08 21:11:17,Attack,Attack,Normal,Attack
2026-07-08 21:11:17,Normal,Attack,Attack,Attack
2026-07-08 21:11:17,Attack,Attack,Attack,Attack
2026-07-08 21:11:17,Attack,Normal,Attack,Attack
2026-07-08 21:11:17,Attack,Attack,Attack,Attack
2026-07-08 21:11:17,Attack,Attack,Normal,Attack
2026-07-08 21:11:17,Attack,Attack,Attack,Attack
2026-07-08 21:11:17,Attack,Attack,Attack,Attack
2026-07-08 21:11:17,Attack,Attack,Attack,Attack
2026-07-08 21:11:17,Attack,Attack,Normal,Attack
2026-07-08 21:11:17,Normal,Normal,Normal,Normal
2026-07-08 21:11:17,Normal,Attack,Normal,Normal
2026-07-08 21:11:17,Attack,Attack,Attack,Attack
2026-07-08 21:11:17,Normal,Normal,Attack,Normal
2026-07-08 21:11:17,Attack,Attack,Attack,Attack
2026-07-08 21:11:17,Attack,Attack,Attack,Attack
2026-07-08 21:11:17,Attack,Attack,Attack,Attack
2026-07-08 21:11:17,Attack,Attack,Attack,Attack
2026-07-08 21:11:17,Normal,Attack,Attack,Attack
2026-07-08 21:11:17,Attack,Normal,Attack,Attack
2026-07-08 21:11:17,Attack,Attack,Attack,Attack
2026-07-08 21:11:17,Attack,Attack,Normal,Attack
2026-07-08 21:11:17,Attack,Attack,Normal,Attack
2026-07-08 21:11:17,Attack,Attack,Attack,Attack
2026-07-08 21:11:17,Normal,Attack,Attack,Attack
2026-07-08 21:11:17,Attack,Attack,Attack,Attack
2026-07-08 21:11:17,Attack,Attack,Attack,Attack
2026-07-08 21:11:17,Normal,Attack,Normal,Normal
2026-07-08 21:11:17,Attack,Attack,Attack,Attack
2026-07-08 21:11:17,Attack,Attack,Normal,Attack
2026-07-08 21:11:17,Attack,Attack,Normal,Attack
2026-07-08 21:11:17,Attack,Attack,Attack,Attack
2026-07-08 21:11:17,Attack,Attack,Attack,Attack
2026-07-08 21:11:17,Attack,Attack,Normal,Attack
2026-07-08 21:11:17,Normal,Attack,Normal,Normal
2026-07-08 21:11:17,Normal,Attack,Normal,Normal
2026-07-08 21:11:50.696491,1,0,0,0
2026-07-08 21:15:05,Normal,Attack,Normal,Normal
2026-07-08 21:15:05,Attack,Attack,Attack,Attack
2026-07-08 21:15:05,Attack,Attack,Attack,Attack
2026-07-08 21:15:05,Attack,Attack,Attack,Attack
2026-07-08 21:15:05,Attack,Attack,Normal,Attack
2026-07-08 21:15:05,Attack,Attack,Normal,Attack
2026-07-08 21:15:05,Attack,Attack,Attack,Attack
2026-07-08 21:15:05,Normal,Attack,Normal,Normal
2026-07-08 21:15:05,Normal,Normal,Normal,Normal
2026-07-08 21:15:05,Attack,Attack,Attack,Attack
2026-07-08 21:15:05,Attack,Normal,Attack,Attack
2026-07-08 21:15:05,Normal,Attack,Normal,Normal
2026-07-08 21:15:05,Normal,Attack,Normal,Normal
2026-07-08 21:15:05,Attack,Attack,Attack,Attack
2026-07-08 21:15:05,Attack,Normal,Attack,Attack
2026-07-08 21:15:05,Attack,Attack,Normal,Attack
2026-07-08 21:15:05,Attack,Attack,Attack,Attack
2026-07-08 21:15:05,Normal,Attack,Normal,Normal
2026-07-08 21:15:05,Normal,Attack,Attack,Attack
2026-07-08 21:15:05,Attack,Attack,Attack,Attack
2026-07-08 21:15:05,Attack,Attack,Attack,Attack
2026-07-08 21:15:05,Attack,Attack,Normal,Attack
2026-07-08 21:15:05,Attack,Attack,Attack,Attack
2026-07-08 21:15:05,Normal,Normal,Normal,Normal
2026-07-08 21:15:05,Attack,Attack,Attack,Attack
2026-07-08 21:15:05,Attack,Attack,Attack,Attack
2026-07-08 21:15:05,Attack,Attack,Attack,Attack
2026-07-08 21:15:05,Normal,Normal,Attack,Normal
2026-07-08 21:15:05,Normal,Normal,Normal,Normal
2026-07-08 21:15:05,Normal,Normal,Normal,Normal
2026-07-08 21:15:05,Attack,Attack,Normal,Attack
2026-07-08 21:15:05,Normal,Attack,Attack,Attack
2026-07-08 21:15:05,Attack,Attack,Attack,Attack
2026-07-08 21:15:05,Attack,Normal,Attack,Attack
2026-07-08 21:15:05,Attack,Attack,Attack,Attack
2026-07-08 21:15:05,Attack,Attack,Normal,Attack
2026-07-08 21:15:05,Attack,Attack,Attack,Attack
2026-07-08 21:15:05,Attack,Attack,Attack,Attack
2026-07-08 21:15:05,Attack,Attack,Attack,Attack
2026-07-08 21:15:05,Attack,Attack,Normal,Attack
2026-07-08 21:15:05,Normal,Normal,Normal,Normal
2026-07-08 21:15:05,Normal,Attack,Normal,Normal
2026-07-08 21:15:05,Attack,Attack,Attack,Attack
2026-07-08 21:15:05,Normal,Normal,Attack,Normal
2026-07-08 21:15:05,Attack,Attack,Attack,Attack
2026-07-08 21:15:05,Attack,Attack,Attack,Attack
2026-07-08 21:15:05,Attack,Attack,Attack,Attack
2026-07-08 21:15:05,Attack,Attack,Attack,Attack
2026-07-08 21:15:05,Normal,Attack,Attack,Attack
2026-07-08 21:15:05,Attack,Normal,Attack,Attack
2026-07-08 21:15:05,Attack,Attack,Attack,Attack
2026-07-08 21:15:05,Attack,Attack,Normal,Attack
2026-07-08 21:15:05,Attack,Attack,Normal,Attack
2026-07-08 21:15:05,Attack,Attack,Attack,Attack
2026-07-08 21:15:05,Normal,Attack,Attack,Attack
2026-07-08 21:15:05,Attack,Attack,Attack,Attack
2026-07-08 21:15:05,Attack,Attack,Attack,Attack
2026-07-08 21:15:05,Normal,Attack,Normal,Normal
2026-07-08 21:15:05,Attack,Attack,Attack,Attack
2026-07-08 21:15:05,Attack,Attack,Normal,Attack
2026-07-08 21:15:05,Attack,Attack,Normal,Attack
2026-07-08 21:15:05,Attack,Attack,Attack,Attack
2026-07-08 21:15:05,Attack,Attack,Attack,Attack
2026-07-08 21:15:05,Attack,Attack,Normal,Attack
2026-07-08 21:15:05,Normal,Attack,Normal,Normal
2026-07-08 21:15:05,Normal,Attack,Normal,Normal
2026-07-08 21:15:29.001254,1,0,0,0
2026-07-08 21:16:03.813250,1,0,0,0
2026-07-08 21:34:36,Normal,Attack,Normal,Normal
2026-07-08 21:34:36,Attack,Attack,Attack,Attack
2026-07-08 21:34:36,Attack,Attack,Attack,Attack
2026-07-08 21:34:36,Attack,Attack,Attack,Attack
2026-07-08 21:34:36,Attack,Attack,Normal,Attack
2026-07-08 21:34:36,Attack,Attack,Normal,Attack
2026-07-08 21:34:36,Attack,Attack,Attack,Attack
2026-07-08 21:34:36,Normal,Attack,Normal,Normal
2026-07-08 21:34:36,Normal,Normal,Normal,Normal
2026-07-08 21:34:36,Attack,Attack,Attack,Attack
2026-07-08 21:34:36,Attack,Normal,Attack,Attack
2026-07-08 21:34:36,Normal,Attack,Normal,Normal
2026-07-08 21:34:36,Normal,Attack,Normal,Normal
2026-07-08 21:34:36,Attack,Attack,Attack,Attack
2026-07-08 21:34:36,Attack,Normal,Attack,Attack
2026-07-08 21:34:36,Attack,Attack,Normal,Attack
2026-07-08 21:34:36,Attack,Attack,Attack,Attack
2026-07-08 21:34:36,Normal,Attack,Normal,Normal
2026-07-08 21:34:36,Normal,Attack,Attack,Attack
2026-07-08 21:34:36,Attack,Attack,Attack,Attack
2026-07-08 21:34:36,Attack,Attack,Attack,Attack
2026-07-08 21:34:36,Attack,Attack,Normal,Attack
2026-07-08 21:34:36,Attack,Attack,Attack,Attack
2026-07-08 21:34:36,Normal,Normal,Normal,Normal
2026-07-08 21:34:36,Attack,Attack,Attack,Attack
2026-07-08 21:34:36,Attack,Attack,Attack,Attack
2026-07-08 21:34:36,Attack,Attack,Attack,Attack
2026-07-08 21:34:36,Normal,Normal,Attack,Normal
2026-07-08 21:34:36,Normal,Normal,Normal,Normal
2026-07-08 21:34:36,Normal,Normal,Normal,Normal
2026-07-08 21:34:36,Attack,Attack,Normal,Attack
2026-07-08 21:34:36,Normal,Attack,Attack,Attack
2026-07-08 21:34:36,Attack,Attack,Attack,Attack
2026-07-08 21:34:36,Attack,Normal,Attack,Attack
2026-07-08 21:34:36,Attack,Attack,Attack,Attack
2026-07-08 21:34:36,Attack,Attack,Normal,Attack
2026-07-08 21:34:36,Attack,Attack,Attack,Attack
2026-07-08 21:34:36,Attack,Attack,Attack,Attack
2026-07-08 21:34:36,Attack,Attack,Attack,Attack
2026-07-08 21:34:36,Attack,Attack,Normal,Attack
2026-07-08 21:34:36,Normal,Normal,Normal,Normal
2026-07-08 21:34:36,Normal,Attack,Normal,Normal
2026-07-08 21:34:36,Attack,Attack,Attack,Attack
2026-07-08 21:34:36,Normal,Normal,Attack,Normal
2026-07-08 21:34:36,Attack,Attack,Attack,Attack
2026-07-08 21:34:36,Attack,Attack,Attack,Attack
2026-07-08 21:34:36,Attack,Attack,Attack,Attack
2026-07-08 21:34:36,Attack,Attack,Attack,Attack
2026-07-08 21:34:36,Normal,Attack,Attack,Attack
2026-07-08 21:34:36,Attack,Normal,Attack,Attack
2026-07-08 21:34:36,Attack,Attack,Attack,Attack
2026-07-08 21:34:36,Attack,Attack,Normal,Attack
2026-07-08 21:34:37,Attack,Attack,Normal,Attack
2026-07-08 21:34:37,Attack,Attack,Attack,Attack
2026-07-08 21:34:37,Normal,Attack,Attack,Attack
2026-07-08 21:34:37,Attack,Attack,Attack,Attack
2026-07-08 21:34:37,Attack,Attack,Attack,Attack
2026-07-08 21:34:37,Normal,Attack,Normal,Normal
2026-07-08 21:34:37,Attack,Attack,Attack,Attack
2026-07-08 21:34:37,Attack,Attack,Normal,Attack
2026-07-08 21:34:37,Attack,Attack,Normal,Attack
2026-07-08 21:34:37,Attack,Attack,Attack,Attack
2026-07-08 21:34:37,Attack,Attack,Attack,Attack
2026-07-08 21:34:37,Attack,Attack,Normal,Attack
2026-07-08 21:34:37,Normal,Attack,Normal,Normal
2026-07-08 21:34:37,Normal,Attack,Normal,Normal
2026-07-08 21:41:30,Normal,Attack,Normal,Normal
2026-07-08 21:41:30,Attack,Attack,Attack,Attack
2026-07-08 21:41:30,Attack,Attack,Attack,Attack
2026-07-08 21:41:30,Attack,Attack,Attack,Attack
2026-07-08 21:41:30,Attack,Attack,Normal,Attack
2026-07-08 21:41:30,Attack,Attack,Normal,Attack
2026-07-08 21:41:30,Attack,Attack,Attack,Attack
2026-07-08 21:41:30,Normal,Attack,Normal,Normal
2026-07-08 21:41:30,Normal,Normal,Normal,Normal
2026-07-08 21:41:30,Attack,Attack,Attack,Attack
2026-07-08 21:41:30,Attack,Normal,Attack,Attack
2026-07-08 21:41:30,Normal,Attack,Normal,Normal
2026-07-08 21:41:30,Normal,Attack,Normal,Normal
2026-07-08 21:41:30,Attack,Attack,Attack,Attack
2026-07-08 21:41:30,Attack,Normal,Attack,Attack
2026-07-08 21:41:30,Attack,Attack,Normal,Attack
2026-07-08 21:41:30,Attack,Attack,Attack,Attack
2026-07-08 21:41:30,Normal,Attack,Normal,Normal
2026-07-08 21:41:30,Normal,Attack,Attack,Attack
2026-07-08 21:41:30,Attack,Attack,Attack,Attack
2026-07-08 21:41:30,Attack,Attack,Attack,Attack
2026-07-08 21:41:30,Attack,Attack,Normal,Attack
2026-07-08 21:41:30,Attack,Attack,Attack,Attack
2026-07-08 21:41:30,Normal,Normal,Normal,Normal
2026-07-08 21:41:30,Attack,Attack,Attack,Attack
2026-07-08 21:41:30,Attack,Attack,Attack,Attack
2026-07-08 21:41:30,Attack,Attack,Attack,Attack
2026-07-08 21:41:30,Normal,Normal,Attack,Normal
2026-07-08 21:41:30,Normal,Normal,Normal,Normal
2026-07-08 21:41:30,Normal,Normal,Normal,Normal
2026-07-08 21:41:30,Attack,Attack,Normal,Attack
2026-07-08 21:41:30,Normal,Attack,Attack,Attack
2026-07-08 21:41:30,Attack,Attack,Attack,Attack
2026-07-08 21:41:30,Attack,Normal,Attack,Attack
2026-07-08 21:41:30,Attack,Attack,Attack,Attack
2026-07-08 21:41:30,Attack,Attack,Normal,Attack
2026-07-08 21:41:30,Attack,Attack,Attack,Attack
2026-07-08 21:41:30,Attack,Attack,Attack,Attack
2026-07-08 21:41:30,Attack,Attack,Attack,Attack
2026-07-08 21:41:30,Attack,Attack,Normal,Attack
2026-07-08 21:41:30,Normal,Normal,Normal,Normal
2026-07-08 21:41:30,Normal,Attack,Normal,Normal
2026-07-08 21:41:30,Attack,Attack,Attack,Attack
2026-07-08 21:41:30,Normal,Normal,Attack,Normal
2026-07-08 21:41:30,Attack,Attack,Attack,Attack
2026-07-08 21:41:30,Attack,Attack,Attack,Attack
2026-07-08 21:41:30,Attack,Attack,Attack,Attack
2026-07-08 21:41:30,Attack,Attack,Attack,Attack
2026-07-08 21:41:30,Normal,Attack,Attack,Attack
2026-07-08 21:41:30,Attack,Normal,Attack,Attack
2026-07-08 21:41:30,Attack,Attack,Attack,Attack
2026-07-08 21:41:30,Attack,Attack,Normal,Attack
2026-07-08 21:41:30,Attack,Attack,Normal,Attack
2026-07-08 21:41:30,Attack,Attack,Attack,Attack
2026-07-08 21:41:30,Normal,Attack,Attack,Attack
2026-07-08 21:41:30,Attack,Attack,Attack,Attack
2026-07-08 21:41:30,Attack,Attack,Attack,Attack
2026-07-08 21:41:30,Normal,Attack,Normal,Normal
2026-07-08 21:41:30,Attack,Attack,Attack,Attack
2026-07-08 21:41:30,Attack,Attack,Normal,Attack
2026-07-08 21:41:30,Attack,Attack,Normal,Attack
2026-07-08 21:41:30,Attack,Attack,Attack,Attack
2026-07-08 21:41:30,Attack,Attack,Attack,Attack
2026-07-08 21:41:30,Attack,Attack,Normal,Attack
2026-07-08 21:41:30,Normal,Attack,Normal,Normal
2026-07-08 21:41:30,Normal,Attack,Normal,Normal
2026-07-08 21:59:22,Normal,Attack,Normal,Normal
2026-07-08 21:59:22,Attack,Attack,Attack,Attack
2026-07-08 21:59:22,Attack,Attack,Attack,Attack
2026-07-08 21:59:22,Attack,Attack,Attack,Attack
2026-07-08 21:59:22,Attack,Attack,Normal,Attack
2026-07-08 21:59:22,Attack,Attack,Normal,Attack
2026-07-08 21:59:22,Attack,Attack,Attack,Attack
2026-07-08 21:59:22,Normal,Attack,Normal,Normal
2026-07-08 21:59:22,Normal,Normal,Normal,Normal
2026-07-08 21:59:22,Attack,Attack,Attack,Attack
2026-07-08 21:59:22,Attack,Normal,Attack,Attack
2026-07-08 21:59:22,Normal,Attack,Normal,Normal
2026-07-08 21:59:22,Normal,Attack,Normal,Normal
2026-07-08 21:59:22,Attack,Attack,Attack,Attack
2026-07-08 21:59:22,Attack,Normal,Attack,Attack
2026-07-08 21:59:22,Attack,Attack,Normal,Attack
2026-07-08 21:59:22,Attack,Attack,Attack,Attack
2026-07-08 21:59:22,Normal,Attack,Normal,Normal
2026-07-08 21:59:22,Normal,Attack,Attack,Attack
2026-07-08 21:59:22,Attack,Attack,Attack,Attack
2026-07-08 21:59:22,Attack,Attack,Attack,Attack
2026-07-08 21:59:22,Attack,Attack,Normal,Attack
2026-07-08 21:59:22,Attack,Attack,Attack,Attack
2026-07-08 21:59:22,Normal,Normal,Normal,Normal
2026-07-08 21:59:22,Attack,Attack,Attack,Attack
2026-07-08 21:59:22,Attack,Attack,Attack,Attack
2026-07-08 21:59:22,Attack,Attack,Attack,Attack
2026-07-08 21:59:22,Normal,Normal,Attack,Normal
2026-07-08 21:59:22,Normal,Normal,Normal,Normal
2026-07-08 21:59:22,Normal,Normal,Normal,Normal
2026-07-08 21:59:22,Attack,Attack,Normal,Attack
2026-07-08 21:59:22,Normal,Attack,Attack,Attack
2026-07-08 21:59:22,Attack,Attack,Attack,Attack
2026-07-08 21:59:22,Attack,Normal,Attack,Attack
2026-07-08 21:59:22,Attack,Attack,Attack,Attack
2026-07-08 21:59:22,Attack,Attack,Normal,Attack
2026-07-08 21:59:22,Attack,Attack,Attack,Attack
2026-07-08 21:59:22,Attack,Attack,Attack,Attack
2026-07-08 21:59:22,Attack,Attack,Attack,Attack
2026-07-08 21:59:22,Attack,Attack,Normal,Attack
2026-07-08 21:59:22,Normal,Normal,Normal,Normal
2026-07-08 21:59:22,Normal,Attack,Normal,Normal
2026-07-08 21:59:22,Attack,Attack,Attack,Attack
2026-07-08 21:59:22,Normal,Normal,Attack,Normal
2026-07-08 21:59:22,Attack,Attack,Attack,Attack
2026-07-08 21:59:22,Attack,Attack,Attack,Attack
2026-07-08 21:59:22,Attack,Attack,Attack,Attack
2026-07-08 21:59:22,Attack,Attack,Attack,Attack
2026-07-08 21:59:22,Normal,Attack,Attack,Attack
2026-07-08 21:59:22,Attack,Normal,Attack,Attack
2026-07-08 21:59:22,Attack,Attack,Attack,Attack
2026-07-08 21:59:22,Attack,Attack,Normal,Attack
2026-07-08 21:59:22,Attack,Attack,Normal,Attack
2026-07-08 21:59:22,Attack,Attack,Attack,Attack
2026-07-08 21:59:22,Normal,Attack,Attack,Attack
2026-07-08 21:59:22,Attack,Attack,Attack,Attack
2026-07-08 21:59:22,Attack,Attack,Attack,Attack
2026-07-08 21:59:22,Normal,Attack,Normal,Normal
2026-07-08 21:59:22,Attack,Attack,Attack,Attack
2026-07-08 21:59:22,Attack,Attack,Normal,Attack
2026-07-08 21:59:22,Attack,Attack,Normal,Attack
2026-07-08 21:59:22,Attack,Attack,Attack,Attack
2026-07-08 21:59:22,Attack,Attack,Attack,Attack
2026-07-08 21:59:22,Attack,Attack,Normal,Attack
2026-07-08 21:59:22,Normal,Attack,Normal,Normal
2026-07-08 21:59:22,Normal,Attack,Normal,Normal
2026-07-08 22:00:11.962333,Attack Detected,Normal Traffic,Normal Traffic,Normal Traffic
2026-07-08 22:02:59.349473,Attack Detected,Normal Traffic,Normal Traffic,Normal Traffic
2026-07-08 22:03:35.585376,Attack Detected,Normal Traffic,Normal Traffic,Normal Traffic
2026-07-08 22:03:44.308607,Attack Detected,Normal Traffic,Normal Traffic,Normal Traffic
2026-07-08 22:10:52.166091,Attack Detected,Normal Traffic,Normal Traffic,Normal Traffic
2026-07-08 22:55:14,Normal,Attack,Normal,Normal
2026-07-08 22:55:14,Attack,Attack,Attack,Attack
2026-07-08 22:55:14,Attack,Attack,Attack,Attack
2026-07-08 22:55:14,Attack,Attack,Attack,Attack
2026-07-08 22:55:14,Attack,Attack,Normal,Attack
2026-07-08 22:55:14,Attack,Attack,Normal,Attack
2026-07-08 22:55:14,Attack,Attack,Attack,Attack
2026-07-08 22:55:14,Normal,Attack,Normal,Normal
2026-07-08 22:55:14,Normal,Normal,Normal,Normal
2026-07-08 22:55:14,Attack,Attack,Attack,Attack
2026-07-08 22:55:14,Attack,Normal,Attack,Attack
2026-07-08 22:55:14,Normal,Attack,Normal,Normal
2026-07-08 22:55:14,Normal,Attack,Normal,Normal
2026-07-08 22:55:14,Attack,Attack,Attack,Attack
2026-07-08 22:55:14,Attack,Normal,Attack,Attack
2026-07-08 22:55:14,Attack,Attack,Normal,Attack
2026-07-08 22:55:14,Attack,Attack,Attack,Attack
2026-07-08 22:55:14,Normal,Attack,Normal,Normal
2026-07-08 22:55:14,Normal,Attack,Attack,Attack
2026-07-08 22:55:14,Attack,Attack,Attack,Attack
2026-07-08 22:55:14,Attack,Attack,Attack,Attack
2026-07-08 22:55:14,Attack,Attack,Normal,Attack
2026-07-08 22:55:14,Attack,Attack,Attack,Attack
2026-07-08 22:55:14,Normal,Normal,Normal,Normal
2026-07-08 22:55:14,Attack,Attack,Attack,Attack
2026-07-08 22:55:14,Attack,Attack,Attack,Attack
2026-07-08 22:55:14,Attack,Attack,Attack,Attack
2026-07-08 22:55:14,Normal,Normal,Attack,Normal
2026-07-08 22:55:14,Normal,Normal,Normal,Normal
2026-07-08 22:55:14,Normal,Normal,Normal,Normal
2026-07-08 22:55:14,Attack,Attack,Normal,Attack
2026-07-08 22:55:14,Normal,Attack,Attack,Attack
2026-07-08 22:55:14,Attack,Attack,Attack,Attack
2026-07-08 22:55:14,Attack,Normal,Attack,Attack
2026-07-08 22:55:14,Attack,Attack,Attack,Attack
2026-07-08 22:55:14,Attack,Attack,Normal,Attack
2026-07-08 22:55:14,Attack,Attack,Attack,Attack
2026-07-08 22:55:14,Attack,Attack,Attack,Attack
2026-07-08 22:55:14,Attack,Attack,Attack,Attack
2026-07-08 22:55:14,Attack,Attack,Normal,Attack
2026-07-08 22:55:14,Normal,Normal,Normal,Normal
2026-07-08 22:55:14,Normal,Attack,Normal,Normal
2026-07-08 22:55:14,Attack,Attack,Attack,Attack
2026-07-08 22:55:14,Normal,Normal,Attack,Normal
2026-07-08 22:55:14,Attack,Attack,Attack,Attack
2026-07-08 22:55:14,Attack,Attack,Attack,Attack
2026-07-08 22:55:14,Attack,Attack,Attack,Attack
2026-07-08 22:55:14,Attack,Attack,Attack,Attack
2026-07-08 22:55:14,Normal,Attack,Attack,Attack
2026-07-08 22:55:14,Attack,Normal,Attack,Attack
2026-07-08 22:55:14,Attack,Attack,Attack,Attack
2026-07-08 22:55:14,Attack,Attack,Normal,Attack
2026-07-08 22:55:14,Attack,Attack,Normal,Attack
2026-07-08 22:55:14,Attack,Attack,Attack,Attack
2026-07-08 22:55:14,Normal,Attack,Attack,Attack
2026-07-08 22:55:14,Attack,Attack,Attack,Attack
2026-07-08 22:55:14,Attack,Attack,Attack,Attack
2026-07-08 22:55:14,Normal,Attack,Normal,Normal
2026-07-08 22:55:14,Attack,Attack,Attack,Attack
2026-07-08 22:55:14,Attack,Attack,Normal,Attack
2026-07-08 22:55:14,Attack,Attack,Normal,Attack
2026-07-08 22:55:14,Attack,Attack,Attack,Attack
2026-07-08 22:55:14,Attack,Attack,Attack,Attack
2026-07-08 22:55:14,Attack,Attack,Normal,Attack
2026-07-08 22:55:14,Normal,Attack,Normal,Normal
2026-07-08 22:55:14,Normal,Attack,Normal,Normal
2026-07-08 22:55:24.923775,Attack Detected,Normal Traffic,Normal Traffic,Normal Traffic
2026-07-08 22:55:28.865086,Attack Detected,Normal Traffic,Normal Traffic,Normal Traffic
2026-07-08 22:55:39.332433,Attack Detected,Normal Traffic,Normal Traffic,Normal Traffic
2026-07-08 22:56:15.701742,Attack Detected,Normal Traffic,Normal Traffic,Normal Traffic
2026-07-08 22:57:31.283310,Attack Detected,Attack Detected,Attack Detected,Attack Detected
2026-07-08 22:59:56.823252,Attack Detected,Attack Detected,Attack Detected,Attack Detected
2026-07-08 23:00:12.158205,Attack Detected,Attack Detected,Attack Detected,Attack Detected
2026-07-08 23:02:44.278657,Attack Detected,Attack Detected,Attack Detected,Attack Detected
2026-07-08 23:02:47.331471,Attack Detected,Attack Detected,Attack Detected,Attack Detected
2026-07-08 23:10:08,Normal,Attack,Normal,Normal
2026-07-08 23:10:08,Attack,Attack,Attack,Attack
2026-07-08 23:10:08,Attack,Attack,Attack,Attack
2026-07-08 23:10:08,Attack,Attack,Attack,Attack
2026-07-08 23:10:08,Attack,Attack,Normal,Attack
2026-07-08 23:10:08,Attack,Attack,Normal,Attack
2026-07-08 23:10:08,Attack,Attack,Attack,Attack
2026-07-08 23:10:08,Normal,Attack,Normal,Normal
2026-07-08 23:10:08,Normal,Normal,Normal,Normal
2026-07-08 23:10:08,Attack,Attack,Attack,Attack
2026-07-08 23:10:08,Attack,Normal,Attack,Attack
2026-07-08 23:10:08,Normal,Attack,Normal,Normal
2026-07-08 23:10:08,Normal,Attack,Normal,Normal
2026-07-08 23:10:08,Attack,Attack,Attack,Attack
2026-07-08 23:10:08,Attack,Normal,Attack,Attack
2026-07-08 23:10:08,Attack,Attack,Normal,Attack
2026-07-08 23:10:08,Attack,Attack,Attack,Attack
2026-07-08 23:10:08,Normal,Attack,Normal,Normal
2026-07-08 23:10:08,Normal,Attack,Attack,Attack
2026-07-08 23:10:08,Attack,Attack,Attack,Attack
2026-07-08 23:10:08,Attack,Attack,Attack,Attack
2026-07-08 23:10:08,Attack,Attack,Normal,Attack
2026-07-08 23:10:08,Attack,Attack,Attack,Attack
2026-07-08 23:10:08,Normal,Normal,Normal,Normal
2026-07-08 23:10:08,Attack,Attack,Attack,Attack
2026-07-08 23:10:08,Attack,Attack,Attack,Attack
2026-07-08 23:10:08,Attack,Attack,Attack,Attack
2026-07-08 23:10:08,Normal,Normal,Attack,Normal
2026-07-08 23:10:08,Normal,Normal,Normal,Normal
2026-07-08 23:10:08,Normal,Normal,Normal,Normal
2026-07-08 23:10:08,Attack,Attack,Normal,Attack
2026-07-08 23:10:08,Normal,Attack,Attack,Attack
2026-07-08 23:10:08,Attack,Attack,Attack,Attack
2026-07-08 23:10:08,Attack,Normal,Attack,Attack
2026-07-08 23:10:08,Attack,Attack,Attack,Attack
2026-07-08 23:10:08,Attack,Attack,Normal,Attack
2026-07-08 23:10:08,Attack,Attack,Attack,Attack
2026-07-08 23:10:08,Attack,Attack,Attack,Attack
2026-07-08 23:10:08,Attack,Attack,Attack,Attack
2026-07-08 23:10:08,Attack,Attack,Normal,Attack
2026-07-08 23:10:08,Normal,Normal,Normal,Normal
2026-07-08 23:10:08,Normal,Attack,Normal,Normal
2026-07-08 23:10:08,Attack,Attack,Attack,Attack
2026-07-08 23:10:08,Normal,Normal,Attack,Normal
2026-07-08 23:10:08,Attack,Attack,Attack,Attack
2026-07-08 23:10:08,Attack,Attack,Attack,Attack
2026-07-08 23:10:08,Attack,Attack,Attack,Attack
2026-07-08 23:10:08,Attack,Attack,Attack,Attack
2026-07-08 23:10:08,Normal,Attack,Attack,Attack
2026-07-08 23:10:08,Attack,Normal,Attack,Attack
2026-07-08 23:10:08,Attack,Attack,Attack,Attack
2026-07-08 23:10:08,Attack,Attack,Normal,Attack
2026-07-08 23:10:08,Attack,Attack,Normal,Attack
2026-07-08 23:10:08,Attack,Attack,Attack,Attack
2026-07-08 23:10:08,Normal,Attack,Attack,Attack
2026-07-08 23:10:08,Attack,Attack,Attack,Attack
2026-07-08 23:10:08,Attack,Attack,Attack,Attack
2026-07-08 23:10:08,Normal,Attack,Normal,Normal
2026-07-08 23:10:08,Attack,Attack,Attack,Attack
2026-07-08 23:10:08,Attack,Attack,Normal,Attack
2026-07-08 23:10:08,Attack,Attack,Normal,Attack
2026-07-08 23:10:08,Attack,Attack,Attack,Attack
2026-07-08 23:10:08,Attack,Attack,Attack,Attack
2026-07-08 23:10:08,Attack,Attack,Normal,Attack
2026-07-08 23:10:08,Normal,Attack,Normal,Normal
2026-07-08 23:10:08,Normal,Attack,Normal,Normal
2026-07-08 23:17:24,Attack,Attack,Attack,Attack
2026-07-08 23:17:24,Normal,Normal,Attack,Normal
2026-07-08 23:17:24,Normal,Normal,Normal,Normal
2026-07-08 23:17:24,Attack,Attack,Attack,Attack
2026-07-08 23:17:24,Attack,Attack,Attack,Attack
2026-07-08 23:17:24,Attack,Attack,Attack,Attack
2026-07-08 23:17:26,Attack,Attack,Attack,Attack
2026-07-08 23:17:28,Normal,Attack,Normal,Normal
2026-07-08 23:17:28,Attack,Attack,Attack,Attack
2026-07-08 23:17:30,Attack,Attack,Normal,Attack
2026-07-08 23:17:32,Attack,Attack,Attack,Attack
2026-07-08 23:17:35,Normal,Normal,Normal,Normal
2026-07-08 23:17:37,Normal,Normal,Attack,Normal
2026-07-08 23:17:39,Attack,Normal,Normal,Normal
2026-07-08 23:17:41,Attack,Attack,Attack,Attack
2026-07-08 23:17:43,Normal,Normal,Normal,Normal
2026-07-08 23:17:45,Attack,Attack,Attack,Attack
2026-07-08 23:17:47,Attack,Attack,Normal,Attack
2026-07-08 23:17:49,Attack,Attack,Attack,Attack
2026-07-08 23:17:51,Attack,Attack,Attack,Attack
2026-07-08 23:17:53,Attack,Attack,Attack,Attack
2026-07-08 23:17:55,Normal,Attack,Normal,Normal
2026-07-08 23:17:57,Attack,Attack,Attack,Attack
2026-07-08 23:17:59,Attack,Attack,Normal,Attack
2026-07-08 23:18:01,Normal,Attack,Normal,Normal
2026-07-08 23:18:03,Attack,Attack,Attack,Attack
2026-07-08 23:18:05,Attack,Attack,Normal,Attack
2026-07-08 23:18:07,Normal,Attack,Attack,Attack
2026-07-08 23:18:09,Normal,Normal,Attack,Normal
2026-07-08 23:18:11,Attack,Attack,Attack,Attack
2026-07-09 16:13:18,Attack,Normal,Normal,Normal
2026-07-09 16:13:18,Attack,Attack,Attack,Attack
2026-07-09 16:13:18,Attack,Attack,Normal,Attack
2026-07-09 16:13:18,Attack,Attack,Attack,Attack
2026-07-09 16:13:18,Attack,Attack,Normal,Attack
2026-07-09 16:13:18,Attack,Attack,Attack,Attack
2026-07-09 16:13:18,Attack,Attack,Attack,Attack
2026-07-09 16:13:18,Normal,Normal,Attack,Normal
2026-07-09 16:13:18,Normal,Normal,Normal,Normal
2026-07-09 16:13:18,Attack,Attack,Normal,Attack
2026-07-09 16:13:18,Normal,Attack,Normal,Normal
2026-07-09 16:13:18,Attack,Attack,Attack,Attack
2026-07-09 16:13:18,Normal,Normal,Normal,Normal
2026-07-09 16:13:18,Normal,Attack,Normal,Normal
2026-07-09 16:13:18,Normal,Attack,Normal,Normal
2026-07-09 16:13:18,Attack,Attack,Normal,Attack
2026-07-09 16:13:18,Normal,Attack,Attack,Attack
2026-07-09 16:13:18,Attack,Attack,Attack,Attack
2026-07-09 16:13:18,Attack,Attack,Attack,Attack
2026-07-09 16:13:18,Attack,Attack,Normal,Attack
2026-07-09 16:13:20,Normal,Attack,Normal,Normal
2026-07-09 16:13:20,Attack,Attack,Attack,Attack
2026-07-09 16:13:22,Normal,Attack,Normal,Normal
2026-07-09 16:13:25,Attack,Attack,Attack,Attack
2026-07-09 16:13:27,Normal,Normal,Normal,Normal
2026-07-09 16:13:29,Attack,Attack,Normal,Attack
2026-07-09 16:13:31,Normal,Attack,Normal,Normal
2026-07-09 16:13:33,Attack,Attack,Attack,Attack
2026-07-09 16:13:35,Attack,Attack,Normal,Attack
2026-07-09 16:13:37,Attack,Normal,Normal,Normal
2026-07-09 16:13:39,Attack,Attack,Attack,Attack
2026-07-09 16:13:41,Attack,Normal,Normal,Normal
2026-07-09 16:13:43,Normal,Attack,Attack,Attack
2026-07-09 16:13:45,Attack,Attack,Normal,Attack
2026-07-09 16:13:47,Attack,Attack,Attack,Attack
2026-07-09 16:13:49,Attack,Attack,Normal,Attack
2026-07-09 16:13:51,Attack,Attack,Attack,Attack
2026-07-09 16:13:54,Normal,Normal,Attack,Normal
2026-07-09 16:13:56,Normal,Normal,Attack,Normal
2026-07-09 16:13:58,Attack,Attack,Attack,Attack
2026-07-09 16:14:00,Attack,Attack,Attack,Attack
2026-07-09 16:14:02,Attack,Attack,Attack,Attack
2026-07-09 16:14:04,Attack,Attack,Normal,Attack
2026-07-09 16:14:06,Attack,Attack,Attack,Attack
2026-07-09 16:14:08,Attack,Attack,Attack,Attack
2026-07-09 16:14:10,Attack,Attack,Attack,Attack
2026-07-09 16:14:12,Attack,Attack,Attack,Attack
2026-07-09 16:14:14,Attack,Attack,Attack,Attack
2026-07-09 16:14:16,Attack,Attack,Normal,Attack
2026-07-09 16:14:17,Attack,Attack,Attack,Attack
2026-07-09 16:14:19,Attack,Attack,Normal,Attack
2026-07-09 16:14:21,Attack,Attack,Normal,Attack
2026-07-09 16:14:23,Attack,Normal,Normal,Normal
2026-07-09 16:14:25,Normal,Attack,Normal,Normal
2026-07-09 16:14:27,Attack,Attack,Attack,Attack
2026-07-09 16:14:29,Attack,Attack,Attack,Attack
2026-07-09 16:14:31,Normal,Attack,Attack,Attack
2026-07-09 16:14:33,Normal,Normal,Normal,Normal
2026-07-09 16:14:35,Attack,Attack,Attack,Attack
2026-07-09 16:14:37,Attack,Attack,Attack,Attack
2026-07-09 16:14:39,Normal,Attack,Normal,Normal
2026-07-09 16:14:41,Attack,Normal,Attack,Attack
2026-07-09 16:14:44,Attack,Attack,Attack,Attack
2026-07-09 16:14:46,Attack,Attack,Attack,Attack
2026-07-09 16:14:48,Normal,Normal,Normal,Normal
2026-07-09 16:14:50,Attack,Attack,Normal,Attack
2026-07-09 16:14:52,Attack,Attack,Attack,Attack
2026-07-09 16:14:54,Attack,Attack,Attack,Attack
2026-07-09 16:14:56,Normal,Attack,Normal,Normal
2026-07-09 16:14:58,Normal,Attack,Normal,Normal
2026-07-09 16:15:00,Attack,Attack,Attack,Attack
2026-07-09 16:15:02,Attack,Attack,Normal,Attack
2026-07-09 16:15:04,Attack,Normal,Normal,Normal
2026-07-09 16:15:06,Attack,Normal,Normal,Normal
2026-07-09 16:15:06,Attack,Normal,Normal,Normal
2026-07-09 16:15:09,Attack,Normal,Normal,Normal
2026-07-09 16:15:11,Attack,Attack,Normal,Attack
2026-07-09 16:15:13,Attack,Attack,Attack,Attack
2026-07-09 16:15:15,Attack,Attack,Normal,Attack
2026-07-09 16:15:17,Attack,Attack,Normal,Attack
2026-07-09 16:15:19,Normal,Attack,Normal,Normal
2026-07-09 16:15:21,Attack,Attack,Attack,Attack
2026-07-09 16:15:23,Attack,Attack,Attack,Attack
2026-07-09 16:15:25,Attack,Attack,Attack,Attack
2026-07-09 16:15:27,Attack,Attack,Normal,Attack
2026-07-09 16:15:29,Attack,Attack,Attack,Attack
2026-07-09 16:15:31,Attack,Attack,Attack,Attack
2026-07-09 16:15:33,Attack,Attack,Attack,Attack
2026-07-09 16:15:36,Attack,Attack,Normal,Attack
2026-07-09 16:15:38,Normal,Normal,Attack,Normal
2026-07-09 16:15:40,Attack,Attack,Normal,Attack
2026-07-09 16:15:42,Attack,Attack,Normal,Attack
2026-07-09 16:15:44,Normal,Attack,Normal,Normal
2026-07-09 16:15:46,Attack,Attack,Attack,Attack
2026-07-09 16:15:48,Attack,Attack,Attack,Attack
2026-07-09 16:15:50,Attack,Normal,Normal,Normal
2026-07-09 16:15:52,Normal,Attack,Normal,Normal
2026-07-09 16:15:54,Normal,Attack,Normal,Normal
2026-07-09 16:15:54,Attack,Normal,Attack,Attack
2026-07-09 16:15:57,Normal,Attack,Attack,Attack
2026-07-09 16:15:59,Attack,Attack,Normal,Attack
2026-07-09 16:16:01,Attack,Attack,Attack,Attack
2026-07-09 16:16:03,Normal,Normal,Attack,Normal
2026-07-09 16:16:05,Attack,Attack,Attack,Attack
2026-07-09 16:16:07,Attack,Attack,Attack,Attack
2026-07-09 16:16:09,Attack,Normal,Attack,Attack
2026-07-09 16:16:11,Attack,Attack,Normal,Attack
2026-07-09 16:16:13,Attack,Attack,Normal,Attack
2026-07-09 16:16:15,Normal,Normal,Normal,Normal
2026-07-09 16:16:17,Attack,Attack,Attack,Attack
2026-07-09 16:16:19,Normal,Attack,Normal,Normal
2026-07-09 16:16:22,Attack,Attack,Attack,Attack
2026-07-09 16:16:24,Normal,Attack,Normal,Normal
2026-07-09 16:16:26,Attack,Attack,Normal,Attack
2026-07-09 16:16:28,Attack,Attack,Attack,Attack
2026-07-09 16:16:30,Attack,Attack,Normal,Attack
2026-07-09 16:16:32,Attack,Normal,Attack,Attack
2026-07-09 16:16:34,Normal,Attack,Normal,Normal
2026-07-09 16:16:36,Attack,Attack,Normal,Attack
2026-07-09 16:16:38,Normal,Normal,Normal,Normal
2026-07-09 16:16:40,Normal,Normal,Attack,Normal
2026-07-09 16:16:42,Attack,Normal,Normal,Normal
2026-07-09 16:16:44,Attack,Attack,Attack,Attack
2026-07-09 16:16:45,Attack,Attack,Normal,Attack
2026-07-09 16:16:47,Normal,Attack,Normal,Normal
2026-07-09 16:16:49,Attack,Attack,Attack,Attack
2026-07-09 16:16:51,Attack,Attack,Normal,Attack
2026-07-09 16:16:53,Attack,Attack,Attack,Attack
2026-07-09 16:16:55,Attack,Attack,Attack,Attack
2026-07-09 16:16:57,Normal,Attack,Normal,Normal
2026-07-09 16:16:59,Attack,Attack,Attack,Attack
2026-07-09 16:17:01,Attack,Attack,Normal,Attack
2026-07-09 16:17:04,Attack,Attack,Attack,Attack
2026-07-09 16:17:06,Normal,Attack,Normal,Normal
2026-07-09 16:17:08,Attack,Attack,Attack,Attack
2026-07-09 16:17:10,Attack,Attack,Attack,Attack
2026-07-09 16:17:12,Attack,Attack,Attack,Attack
2026-07-09 16:17:14,Attack,Attack,Normal,Attack
2026-07-09 16:17:16,Attack,Attack,Normal,Attack
2026-07-09 16:17:18,Attack,Attack,Normal,Attack
2026-07-09 16:17:20,Normal,Attack,Normal,Normal
2026-07-09 16:17:22,Attack,Attack,Attack,Attack
2026-07-09 16:17:25,Normal,Attack,Attack,Attack
2026-07-09 16:17:25,Attack,Attack,Attack,Attack
2026-07-09 16:17:27,Attack,Attack,Attack,Attack
2026-07-09 16:17:29,Attack,Attack,Attack,Attack
2026-07-09 16:17:31,Attack,Attack,Normal,Attack
2026-07-09 16:17:40,Normal,Normal,Attack,Normal
2026-07-09 16:17:40,Normal,Normal,Attack,Normal
2026-07-09 16:17:42,Attack,Attack,Normal,Attack
2026-07-09 16:21:15,Attack,Attack,Attack,Attack
2026-07-09 16:21:15,Normal,Normal,Attack,Normal
2026-07-09 16:21:17,Attack,Attack,Attack,Attack
2026-07-09 16:21:19,Normal,Attack,Normal,Normal
2026-07-09 16:21:21,Normal,Attack,Normal,Normal
2026-07-09 16:21:23,Attack,Attack,Normal,Attack
2026-07-09 16:21:25,Normal,Attack,Attack,Attack
2026-07-09 16:21:27,Attack,Attack,Attack,Attack
2026-07-09 16:21:29,Normal,Attack,Attack,Attack
2026-07-09 16:21:31,Normal,Attack,Normal,Normal
2026-07-09 16:21:34,Attack,Attack,Attack,Attack
2026-07-09 16:21:36,Attack,Attack,Attack,Attack
2026-07-09 16:21:38,Attack,Attack,Normal,Attack
2026-07-09 16:21:40,Normal,Normal,Normal,Normal
2026-07-09 16:21:42,Attack,Attack,Attack,Attack
2026-07-09 16:21:44,Attack,Attack,Attack,Attack
2026-07-09 16:21:46,Normal,Attack,Normal,Normal
2026-07-09 16:21:48,Attack,Attack,Normal,Attack
2026-07-09 16:21:50,Attack,Attack,Attack,Attack
2026-07-09 16:21:53,Attack,Attack,Normal,Attack
2026-07-09 16:21:53,Attack,Attack,Attack,Attack
2026-07-09 16:21:55,Attack,Attack,Attack,Attack
2026-07-09 16:21:57,Attack,Attack,Attack,Attack
2026-07-09 16:21:59,Attack,Normal,Normal,Normal
2026-07-09 16:22:01,Normal,Normal,Normal,Normal
2026-07-09 16:22:03,Attack,Attack,Attack,Attack
2026-07-09 16:22:05,Normal,Attack,Normal,Normal
2026-07-09 16:22:07,Attack,Attack,Attack,Attack
2026-07-09 16:22:09,Attack,Attack,Attack,Attack
2026-07-09 16:22:11,Attack,Attack,Normal,Attack
2026-07-09 16:22:14,Attack,Attack,Normal,Attack
2026-07-09 16:22:16,Attack,Attack,Attack,Attack
2026-07-09 16:22:18,Attack,Attack,Attack,Attack
2026-07-09 16:22:20,Normal,Attack,Normal,Normal
2026-07-09 16:22:22,Attack,Attack,Attack,Attack
2026-07-09 16:22:24,Normal,Normal,Normal,Normal
2026-07-09 16:22:26,Normal,Normal,Normal,Normal
2026-07-09 16:22:29,Attack,Normal,Attack,Attack
2026-07-09 16:22:29,Attack,Attack,Attack,Attack
2026-07-09 16:22:31,Attack,Attack,Attack,Attack
2026-07-09 16:22:33,Attack,Attack,Attack,Attack
2026-07-09 16:22:35,Attack,Attack,Normal,Attack
2026-07-09 16:22:37,Attack,Attack,Normal,Attack
2026-07-09 16:22:39,Attack,Attack,Attack,Attack
2026-07-09 16:22:41,Attack,Attack,Attack,Attack
2026-07-09 16:22:43,Attack,Attack,Attack,Attack
2026-07-09 16:22:45,Normal,Attack,Attack,Attack
2026-07-09 16:22:47,Attack,Normal,Normal,Normal
2026-07-09 16:22:49,Attack,Attack,Normal,Attack
2026-07-09 16:22:51,Attack,Normal,Attack,Attack
2026-07-09 16:22:54,Attack,Attack,Attack,Attack
2026-07-09 16:22:56,Attack,Normal,Normal,Normal
2026-07-09 16:22:58,Attack,Attack,Attack,Attack
2026-07-09 16:23:00,Attack,Attack,Attack,Attack
2026-07-09 16:23:02,Attack,Attack,Attack,Attack
2026-07-09 16:23:04,Normal,Attack,Normal,Normal
2026-07-09 16:23:06,Attack,Attack,Normal,Attack
2026-07-09 16:23:08,Normal,Normal,Normal,Normal
2026-07-09 16:23:10,Normal,Normal,Normal,Normal
2026-07-09 16:23:12,Attack,Attack,Attack,Attack
2026-07-09 16:23:15,Attack,Attack,Attack,Attack
2026-07-09 16:23:17,Normal,Attack,Normal,Normal
2026-07-09 16:23:17,Attack,Attack,Normal,Attack
2026-07-09 16:23:19,Attack,Attack,Attack,Attack
2026-07-09 16:23:21,Attack,Attack,Normal,Attack
2026-07-09 16:23:23,Attack,Attack,Normal,Attack
2026-07-09 16:23:25,Normal,Normal,Normal,Normal
2026-07-09 16:23:27,Attack,Normal,Normal,Normal
2026-07-09 16:23:29,Attack,Attack,Attack,Attack
2026-07-09 16:23:31,Attack,Attack,Attack,Attack
2026-07-09 16:23:33,Attack,Attack,Attack,Attack
2026-07-09 16:23:35,Normal,Attack,Normal,Normal
2026-07-09 16:23:38,Normal,Attack,Normal,Normal
2026-07-09 16:23:40,Attack,Attack,Normal,Attack
2026-07-09 16:23:42,Normal,Normal,Normal,Normal
2026-07-09 16:23:44,Attack,Attack,Normal,Attack
2026-07-09 16:23:46,Attack,Attack,Attack,Attack
2026-07-09 16:23:48,Attack,Attack,Attack,Attack
2026-07-09 16:23:50,Attack,Attack,Attack,Attack
2026-07-09 16:23:52,Attack,Attack,Normal,Attack
2026-07-09 16:23:54,Attack,Attack,Normal,Attack
2026-07-09 16:23:56,Attack,Attack,Attack,Attack
2026-07-09 16:23:58,Attack,Attack,Attack,Attack
2026-07-09 16:24:00,Attack,Normal,Normal,Normal
2026-07-09 16:24:03,Attack,Attack,Normal,Attack
2026-07-09 16:24:05,Attack,Attack,Normal,Attack
2026-07-09 16:24:05,Attack,Attack,Attack,Attack
2026-07-09 16:24:07,Attack,Attack,Normal,Attack
2026-07-09 16:24:09,Attack,Attack,Attack,Attack
2026-07-09 16:24:11,Normal,Attack,Normal,Normal
2026-07-09 16:24:13,Normal,Attack,Normal,Normal
2026-07-09 16:24:15,Attack,Attack,Normal,Attack
2026-07-09 16:24:17,Attack,Attack,Attack,Attack
2026-07-09 16:24:20,Attack,Attack,Attack,Attack
2026-07-09 16:24:22,Attack,Attack,Normal,Attack
2026-07-09 16:24:24,Normal,Attack,Normal,Normal
2026-07-09 16:24:26,Normal,Attack,Attack,Attack
2026-07-09 16:24:28,Attack,Attack,Attack,Attack
2026-07-09 16:24:30,Attack,Attack,Attack,Attack
2026-07-09 16:24:32,Attack,Attack,Attack,Attack
2026-07-09 16:24:34,Attack,Attack,Attack,Attack
2026-07-09 16:24:36,Attack,Attack,Normal,Attack
2026-07-09 16:24:38,Normal,Normal,Attack,Normal
2026-07-09 16:24:40,Attack,Attack,Attack,Attack
2026-07-09 16:24:43,Attack,Attack,Normal,Attack
2026-07-09 16:24:45,Attack,Attack,Attack,Attack
2026-07-09 16:24:45,Attack,Attack,Attack,Attack
2026-07-09 16:24:47,Attack,Attack,Attack,Attack
2026-07-09 16:24:49,Attack,Attack,Normal,Attack
2026-07-09 16:24:51,Attack,Attack,Attack,Attack
2026-07-09 16:24:53,Normal,Attack,Attack,Attack
2026-07-09 16:24:55,Attack,Attack,Normal,Attack
2026-07-09 16:24:57,Attack,Attack,Attack,Attack
2026-07-09 16:24:59,Attack,Normal,Attack,Attack
2026-07-09 16:25:01,Attack,Attack,Attack,Attack
2026-07-09 16:25:03,Attack,Attack,Normal,Attack
2026-07-09 16:25:06,Attack,Attack,Attack,Attack
2026-07-09 16:25:08,Attack,Attack,Attack,Attack
2026-07-09 16:25:10,Normal,Attack,Normal,Normal
2026-07-09 16:25:12,Attack,Attack,Attack,Attack
2026-07-09 16:25:14,Attack,Attack,Normal,Attack
2026-07-09 16:25:16,Normal,Normal,Attack,Normal
2026-07-09 16:25:18,Attack,Attack,Normal,Attack
2026-07-09 16:25:20,Normal,Attack,Attack,Attack
2026-07-09 16:25:22,Attack,Attack,Attack,Attack
2026-07-09 16:25:24,Attack,Attack,Attack,Attack
2026-07-09 16:25:27,Attack,Attack,Attack,Attack
2026-07-09 16:25:29,Attack,Attack,Attack,Attack
2026-07-09 16:25:29,Normal,Attack,Attack,Attack
2026-07-09 16:25:31,Attack,Attack,Normal,Attack
2026-07-09 16:25:33,Attack,Attack,Attack,Attack
2026-07-09 16:25:35,Attack,Attack,Attack,Attack
2026-07-09 16:25:37,Attack,Attack,Attack,Attack
2026-07-09 16:25:39,Attack,Attack,Normal,Attack
2026-07-09 16:25:41,Attack,Attack,Attack,Attack
2026-07-09 16:25:44,Attack,Normal,Attack,Attack
2026-07-09 16:25:46,Attack,Attack,Attack,Attack
2026-07-09 16:25:48,Attack,Attack,Attack,Attack
2026-07-09 16:25:50,Attack,Attack,Attack,Attack
2026-07-09 16:25:52,Attack,Attack,Attack,Attack
2026-07-09 16:25:54,Attack,Attack,Attack,Attack
2026-07-09 16:25:56,Normal,Attack,Attack,Attack
2026-07-09 16:25:59,Attack,Attack,Attack,Attack
2026-07-09 16:26:01,Normal,Attack,Normal,Normal
2026-07-09 16:26:03,Attack,Attack,Attack,Attack
2026-07-09 16:26:03,Attack,Attack,Attack,Attack
2026-07-09 16:26:05,Attack,Attack,Normal,Attack
2026-07-09 16:26:07,Attack,Attack,Attack,Attack
2026-07-09 16:26:09,Normal,Attack,Normal,Normal
2026-07-09 16:26:11,Attack,Attack,Attack,Attack
2026-07-09 16:26:13,Attack,Attack,Attack,Attack
2026-07-09 16:26:16,Attack,Attack,Normal,Attack
2026-07-09 16:26:18,Attack,Attack,Attack,Attack
2026-07-09 16:26:20,Attack,Attack,Attack,Attack
2026-07-09 16:26:22,Attack,Attack,Attack,Attack
2026-07-09 16:26:24,Attack,Attack,Normal,Attack
2026-07-09 16:26:26,Attack,Attack,Attack,Attack
2026-07-09 16:26:28,Normal,Attack,Attack,Attack
2026-07-09 16:26:30,Normal,Attack,Normal,Normal
2026-07-09 16:26:32,Attack,Attack,Normal,Attack
2026-07-09 16:26:34,Attack,Attack,Attack,Attack
2026-07-09 16:26:37,Attack,Attack,Normal,Attack
2026-07-09 16:26:39,Normal,Attack,Normal,Normal
2026-07-09 16:26:39,Normal,Normal,Normal,Normal
2026-07-09 16:26:41,Normal,Attack,Normal,Normal
2026-07-09 16:26:43,Normal,Attack,Normal,Normal
2026-07-09 16:26:45,Attack,Attack,Attack,Attack
2026-07-09 16:26:47,Attack,Attack,Normal,Attack
2026-07-09 16:26:49,Attack,Attack,Normal,Attack
2026-07-09 16:26:51,Attack,Attack,Attack,Attack
2026-07-09 16:26:53,Attack,Attack,Attack,Attack
2026-07-09 16:26:55,Attack,Attack,Attack,Attack
2026-07-09 16:26:58,Attack,Attack,Normal,Attack
2026-07-09 16:27:00,Attack,Attack,Attack,Attack
2026-07-09 16:27:02,Attack,Attack,Normal,Attack
2026-07-09 16:27:04,Normal,Attack,Normal,Normal
2026-07-09 16:27:06,Attack,Attack,Attack,Attack
2026-07-09 16:27:08,Attack,Normal,Attack,Attack
2026-07-09 16:27:10,Attack,Normal,Normal,Normal
2026-07-09 16:27:12,Attack,Attack,Attack,Attack
2026-07-09 16:27:14,Attack,Attack,Attack,Attack
2026-07-09 16:27:16,Attack,Normal,Normal,Normal
2026-07-09 16:27:18,Attack,Normal,Attack,Attack
2026-07-09 16:27:21,Attack,Attack,Normal,Attack
2026-07-09 16:27:23,Attack,Attack,Attack,Attack
2026-07-09 16:27:25,Attack,Attack,Attack,Attack
2026-07-09 16:27:25,Normal,Attack,Normal,Normal
2026-07-09 16:27:27,Normal,Attack,Normal,Normal
2026-07-09 16:27:29,Attack,Attack,Attack,Attack
2026-07-09 16:27:31,Attack,Attack,Normal,Attack
2026-07-09 16:27:33,Attack,Attack,Attack,Attack
2026-07-09 16:27:35,Attack,Attack,Normal,Attack
2026-07-09 16:27:37,Normal,Normal,Normal,Normal
2026-07-09 16:27:39,Attack,Attack,Attack,Attack
2026-07-09 16:27:41,Attack,Attack,Attack,Attack
2026-07-09 16:27:44,Attack,Attack,Attack,Attack
2026-07-09 16:27:46,Normal,Attack,Normal,Normal
2026-07-09 16:27:48,Attack,Attack,Attack,Attack
2026-07-09 16:27:50,Attack,Attack,Normal,Attack
2026-07-09 16:27:52,Normal,Normal,Normal,Normal
2026-07-09 16:27:54,Attack,Attack,Normal,Attack
2026-07-09 16:27:56,Attack,Attack,Attack,Attack
2026-07-09 16:27:58,Normal,Normal,Normal,Normal
2026-07-09 16:28:00,Attack,Attack,Normal,Attack
2026-07-09 16:28:02,Attack,Attack,Normal,Attack
2026-07-09 16:28:04,Normal,Attack,Normal,Normal
2026-07-09 16:28:06,Attack,Attack,Attack,Attack
2026-07-09 16:28:09,Attack,Attack,Attack,Attack
2026-07-09 16:28:11,Normal,Normal,Normal,Normal
2026-07-09 16:28:13,Normal,Normal,Attack,Normal
2026-07-09 16:28:13,Attack,Attack,Attack,Attack
2026-07-09 16:28:15,Attack,Attack,Normal,Attack
2026-07-09 16:28:17,Attack,Normal,Normal,Normal
2026-07-09 16:28:19,Attack,Attack,Attack,Attack
2026-07-09 16:28:21,Normal,Attack,Normal,Normal
2026-07-09 16:28:23,Normal,Attack,Attack,Attack
2026-07-09 16:28:25,Attack,Attack,Attack,Attack
2026-07-09 16:28:27,Normal,Normal,Normal,Normal
2026-07-09 16:28:30,Attack,Attack,Attack,Attack
2026-07-09 16:28:32,Attack,Attack,Attack,Attack
2026-07-09 16:28:34,Attack,Normal,Normal,Normal
2026-07-09 16:28:36,Attack,Attack,Attack,Attack
2026-07-09 16:28:38,Attack,Attack,Normal,Attack
2026-07-09 16:28:40,Attack,Attack,Attack,Attack
2026-07-09 16:28:42,Normal,Attack,Normal,Normal
2026-07-09 16:28:44,Attack,Attack,Normal,Attack
2026-07-09 16:28:46,Attack,Attack,Normal,Attack
2026-07-09 16:28:48,Attack,Attack,Normal,Attack
2026-07-09 16:28:50,Attack,Attack,Attack,Attack
2026-07-09 16:28:52,Normal,Normal,Normal,Normal
2026-07-09 16:28:55,Attack,Attack,Normal,Attack
2026-07-09 16:28:57,Attack,Attack,Normal,Attack
2026-07-09 16:28:59,Attack,Attack,Attack,Attack
2026-07-09 16:29:01,Attack,Attack,Attack,Attack
2026-07-09 16:29:01,Attack,Attack,Attack,Attack
2026-07-09 16:29:03,Attack,Attack,Attack,Attack
2026-07-09 16:29:05,Attack,Normal,Attack,Attack
2026-07-09 16:29:07,Attack,Attack,Attack,Attack
2026-07-09 16:29:09,Attack,Attack,Attack,Attack
2026-07-09 16:29:11,Attack,Attack,Attack,Attack
2026-07-09 16:29:13,Normal,Attack,Attack,Attack
2026-07-09 16:29:16,Attack,Attack,Attack,Attack
2026-07-09 16:29:18,Normal,Normal,Normal,Normal
2026-07-09 16:29:20,Attack,Attack,Attack,Attack
2026-07-09 16:29:22,Attack,Attack,Attack,Attack
2026-07-09 16:29:24,Attack,Attack,Attack,Attack
2026-07-09 16:29:26,Attack,Attack,Attack,Attack
2026-07-09 16:29:28,Attack,Attack,Normal,Attack
2026-07-09 16:29:30,Attack,Attack,Normal,Attack
2026-07-09 16:29:32,Attack,Attack,Normal,Attack
2026-07-09 16:29:34,Normal,Attack,Normal,Normal
2026-07-09 16:29:37,Attack,Normal,Normal,Normal
2026-07-09 16:29:39,Attack,Attack,Normal,Attack
2026-07-09 16:29:41,Attack,Attack,Normal,Attack
2026-07-09 16:29:41,Normal,Attack,Normal,Normal
2026-07-09 16:29:43,Attack,Attack,Attack,Attack
2026-07-09 16:29:45,Attack,Normal,Normal,Normal
2026-07-09 16:29:47,Attack,Attack,Attack,Attack
2026-07-09 16:29:49,Attack,Attack,Normal,Attack
2026-07-09 16:29:51,Attack,Attack,Attack,Attack
2026-07-09 16:29:53,Attack,Attack,Attack,Attack
2026-07-09 16:29:55,Attack,Attack,Attack,Attack
2026-07-09 16:29:58,Attack,Attack,Normal,Attack
2026-07-09 16:30:00,Attack,Normal,Attack,Attack
2026-07-09 16:30:02,Attack,Attack,Attack,Attack
2026-07-09 16:30:04,Attack,Attack,Attack,Attack
2026-07-09 16:30:06,Attack,Attack,Attack,Attack
2026-07-09 16:30:08,Attack,Attack,Normal,Attack
2026-07-09 16:30:10,Attack,Attack,Attack,Attack
2026-07-09 16:30:12,Attack,Attack,Attack,Attack
2026-07-09 16:30:14,Attack,Attack,Normal,Attack
2026-07-09 16:30:17,Attack,Normal,Normal,Normal
2026-07-09 16:30:19,Normal,Normal,Normal,Normal
2026-07-09 16:30:21,Attack,Attack,Attack,Attack
2026-07-09 16:30:23,Attack,Normal,Attack,Attack
2026-07-09 16:30:23,Normal,Attack,Attack,Attack
2026-07-09 16:30:25,Attack,Attack,Attack,Attack
2026-07-09 16:30:27,Attack,Normal,Normal,Normal
2026-07-09 16:30:29,Normal,Attack,Normal,Normal
2026-07-09 16:30:31,Attack,Attack,Attack,Attack
2026-07-09 16:30:33,Attack,Attack,Attack,Attack
2026-07-09 16:30:35,Attack,Attack,Attack,Attack
2026-07-09 16:30:38,Attack,Attack,Attack,Attack
2026-07-09 16:30:40,Attack,Attack,Attack,Attack
2026-07-09 16:30:42,Attack,Attack,Normal,Attack
2026-07-09 16:30:44,Attack,Attack,Attack,Attack
2026-07-09 16:30:46,Attack,Attack,Attack,Attack
2026-07-09 16:30:48,Attack,Normal,Normal,Normal
2026-07-09 16:30:50,Normal,Attack,Normal,Normal
2026-07-09 16:30:52,Normal,Attack,Normal,Normal
2026-07-09 16:30:54,Attack,Attack,Attack,Attack
2026-07-09 16:30:56,Attack,Attack,Normal,Attack
2026-07-09 16:30:58,Attack,Attack,Normal,Attack
2026-07-09 16:31:00,Attack,Attack,Normal,Attack
2026-07-09 16:31:03,Attack,Attack,Attack,Attack
2026-07-09 16:31:05,Attack,Attack,Attack,Attack
2026-07-09 16:31:55,Normal,Attack,Normal,Normal
2026-07-09 16:31:55,Attack,Attack,Normal,Attack
2026-07-09 16:31:55,Attack,Attack,Attack,Attack
2026-07-09 16:31:55,Attack,Attack,Normal,Attack
2026-07-09 16:31:55,Attack,Attack,Attack,Attack
2026-07-09 16:31:55,Attack,Attack,Normal,Attack
2026-07-09 16:31:55,Attack,Attack,Attack,Attack
2026-07-09 16:31:55,Attack,Attack,Normal,Attack
2026-07-09 16:31:55,Attack,Attack,Attack,Attack
2026-07-09 16:31:57,Attack,Attack,Normal,Attack
2026-07-09 16:31:59,Attack,Attack,Attack,Attack
2026-07-09 16:32:01,Attack,Attack,Attack,Attack
2026-07-09 16:32:03,Normal,Attack,Normal,Normal
2026-07-09 16:32:05,Attack,Attack,Normal,Attack
2026-07-09 16:32:07,Normal,Attack,Attack,Attack
2026-07-09 16:32:09,Attack,Attack,Attack,Attack
2026-07-09 16:32:11,Attack,Attack,Normal,Attack
2026-07-09 16:32:13,Attack,Attack,Attack,Attack
2026-07-09 16:32:15,Normal,Attack,Normal,Normal
2026-07-09 16:32:18,Attack,Attack,Attack,Attack
2026-07-09 16:32:20,Attack,Attack,Normal,Attack
2026-07-09 16:32:22,Normal,Attack,Normal,Normal
2026-07-09 16:32:24,Attack,Attack,Normal,Attack
2026-07-09 16:32:26,Attack,Attack,Attack,Attack
2026-07-09 16:32:28,Attack,Attack,Normal,Attack
2026-07-09 16:32:30,Attack,Attack,Normal,Attack
2026-07-09 16:32:32,Attack,Attack,Attack,Attack
2026-07-09 16:32:34,Attack,Attack,Attack,Attack
2026-07-09 16:32:37,Attack,Attack,Normal,Attack
2026-07-09 16:32:39,Normal,Attack,Normal,Normal
2026-07-09 16:32:41,Attack,Attack,Normal,Attack
2026-07-09 16:32:43,Attack,Attack,Normal,Attack
2026-07-09 16:32:43,Attack,Attack,Attack,Attack
2026-07-09 16:32:45,Attack,Attack,Normal,Attack
2026-07-09 16:32:47,Attack,Attack,Attack,Attack
2026-07-09 16:32:49,Attack,Attack,Attack,Attack
2026-07-09 16:32:51,Attack,Attack,Attack,Attack
2026-07-09 16:32:53,Attack,Attack,Attack,Attack
2026-07-09 16:32:55,Attack,Attack,Normal,Attack
2026-07-09 16:32:57,Normal,Attack,Normal,Normal
2026-07-09 16:32:59,Normal,Attack,Normal,Normal
2026-07-09 16:33:02,Attack,Attack,Normal,Attack
2026-07-09 16:33:04,Attack,Attack,Normal,Attack
2026-07-09 16:33:06,Attack,Attack,Attack,Attack
2026-07-09 16:33:08,Normal,Attack,Normal,Normal
2026-07-09 16:33:10,Normal,Attack,Normal,Normal
2026-07-09 16:33:12,Attack,Attack,Attack,Attack
2026-07-09 16:33:14,Attack,Attack,Attack,Attack
2026-07-09 16:33:16,Attack,Normal,Attack,Attack
2026-07-09 16:33:18,Attack,Attack,Normal,Attack
2026-07-09 16:33:20,Attack,Attack,Normal,Attack
2026-07-09 16:33:22,Attack,Attack,Attack,Attack
2026-07-09 16:33:25,Attack,Attack,Attack,Attack
2026-07-09 16:33:27,Attack,Attack,Attack,Attack
2026-07-09 16:33:29,Attack,Attack,Attack,Attack
2026-07-09 16:33:31,Attack,Attack,Normal,Attack
2026-07-09 16:33:33,Attack,Attack,Attack,Attack
2026-07-09 16:33:33,Attack,Attack,Normal,Attack
2026-07-09 16:33:35,Normal,Attack,Normal,Normal
2026-07-09 16:33:37,Normal,Normal,Normal,Normal
2026-07-09 16:33:39,Attack,Attack,Normal,Attack
2026-07-09 16:33:41,Normal,Attack,Attack,Attack
2026-07-09 16:33:43,Attack,Attack,Normal,Attack
2026-07-09 16:33:45,Normal,Attack,Normal,Normal
2026-07-09 16:33:48,Attack,Attack,Normal,Attack
2026-07-09 16:33:50,Attack,Attack,Attack,Attack
2026-07-09 16:33:52,Attack,Attack,Attack,Attack
2026-07-09 16:33:54,Attack,Attack,Attack,Attack
2026-07-09 16:33:56,Attack,Attack,Attack,Attack
2026-07-09 16:33:58,Attack,Attack,Attack,Attack
2026-07-09 16:34:00,Attack,Attack,Normal,Attack
2026-07-09 16:34:02,Attack,Attack,Normal,Attack
2026-07-09 16:34:04,Attack,Attack,Attack,Attack
2026-07-09 16:34:06,Attack,Normal,Attack,Attack
2026-07-09 16:34:09,Attack,Attack,Attack,Attack
2026-07-09 16:34:11,Attack,Attack,Attack,Attack
2026-07-09 16:34:13,Normal,Attack,Normal,Normal
2026-07-09 16:34:15,Attack,Attack,Attack,Attack
2026-07-09 16:34:17,Attack,Normal,Normal,Normal
2026-07-09 16:34:17,Attack,Attack,Normal,Attack
2026-07-09 16:34:19,Normal,Attack,Normal,Normal
2026-07-09 16:34:21,Normal,Normal,Normal,Normal
2026-07-09 16:34:23,Attack,Attack,Normal,Attack
2026-07-09 16:34:25,Attack,Attack,Attack,Attack
2026-07-09 16:34:27,Attack,Attack,Attack,Attack
2026-07-09 16:34:30,Attack,Attack,Normal,Attack
2026-07-09 16:34:32,Attack,Attack,Attack,Attack
2026-07-09 16:34:34,Attack,Attack,Attack,Attack
2026-07-09 16:34:36,Normal,Attack,Normal,Normal
2026-07-09 16:34:38,Normal,Attack,Normal,Normal
2026-07-09 16:34:40,Attack,Attack,Attack,Attack
2026-07-09 16:34:42,Normal,Attack,Attack,Attack
2026-07-09 16:34:44,Attack,Attack,Attack,Attack
2026-07-09 16:34:46,Normal,Normal,Attack,Normal
2026-07-09 16:34:48,Attack,Attack,Attack,Attack
2026-07-09 16:34:50,Attack,Attack,Attack,Attack
2026-07-09 16:34:53,Attack,Attack,Attack,Attack
2026-07-09 16:34:55,Attack,Attack,Attack,Attack
2026-07-09 16:34:57,Attack,Attack,Normal,Attack
2026-07-09 16:34:59,Attack,Attack,Attack,Attack
2026-07-09 16:35:01,Attack,Normal,Attack,Attack
2026-07-09 16:35:03,Attack,Attack,Normal,Attack
2026-07-09 16:35:03,Attack,Attack,Attack,Attack
2026-07-09 16:35:05,Attack,Attack,Attack,Attack
2026-07-09 16:35:07,Normal,Attack,Attack,Attack
2026-07-09 16:35:09,Attack,Attack,Attack,Attack
2026-07-09 16:35:11,Attack,Attack,Normal,Attack
2026-07-09 16:35:13,Normal,Normal,Normal,Normal
2026-07-09 16:35:16,Normal,Normal,Normal,Normal
2026-07-09 16:35:18,Attack,Attack,Attack,Attack
2026-07-09 16:35:20,Attack,Attack,Normal,Attack
2026-07-09 16:35:22,Normal,Attack,Normal,Normal
2026-07-09 16:35:24,Attack,Attack,Attack,Attack
2026-07-09 16:35:26,Attack,Attack,Attack,Attack
2026-07-09 16:35:28,Attack,Normal,Attack,Attack
2026-07-09 16:35:30,Attack,Attack,Normal,Attack
2026-07-09 16:35:32,Attack,Attack,Attack,Attack
2026-07-09 16:35:34,Normal,Attack,Normal,Normal
2026-07-09 16:35:36,Attack,Attack,Attack,Attack
2026-07-09 16:35:38,Attack,Normal,Normal,Normal
2026-07-09 16:35:40,Attack,Attack,Normal,Attack
2026-07-09 16:35:43,Normal,Attack,Normal,Normal
2026-07-09 16:35:45,Attack,Attack,Normal,Attack
2026-07-09 16:35:47,Attack,Attack,Normal,Attack
2026-07-09 16:35:49,Attack,Attack,Attack,Attack
2026-07-09 16:35:51,Attack,Attack,Normal,Attack
2026-07-09 16:35:53,Attack,Attack,Normal,Attack
2026-07-09 16:35:53,Attack,Attack,Normal,Attack
2026-07-09 16:35:55,Attack,Attack,Attack,Attack
2026-07-09 16:35:57,Attack,Attack,Attack,Attack
2026-07-09 16:35:59,Attack,Attack,Attack,Attack
2026-07-09 16:36:01,Attack,Attack,Attack,Attack
2026-07-09 16:36:03,Attack,Attack,Attack,Attack
2026-07-09 16:36:05,Attack,Attack,Normal,Attack
2026-07-09 16:36:08,Attack,Attack,Attack,Attack
2026-07-09 16:36:10,Normal,Normal,Normal,Normal
2026-07-09 16:36:12,Attack,Attack,Normal,Attack
2026-07-09 16:36:14,Attack,Attack,Normal,Attack
2026-07-09 16:36:16,Attack,Attack,Normal,Attack
2026-07-09 16:36:18,Attack,Attack,Attack,Attack
2026-07-09 16:36:20,Attack,Attack,Attack,Attack
